,HS10_min,HS10_mean,HS10_max,HS20_min,HS20_mean,HS20_max,HS30_min,HS30_mean,HS30_max,HS40_min,HS40_mean,HS40_max,HS50_min,HS50_mean,HS50_max,HS60_min,HS60_mean,HS60_max,TS30_min,TS30_mean,TS30_max,id_nodo,MNDT,MXDT,MCD,CMNDT,CMXDT,litros_diarios,TA_mean,TA_max,TA_min,HA_mean,HA_max,HA_min,radiacion,precipitacion,eto,fase
2021-04-09,0.8122,0.8196436090225564,0.8259,0.7743,0.7783293233082706,0.7822,0.733,0.737045112781955,0.7426,0.7074,0.7138796992481203,0.7215,0.8146,0.8165105263157895,0.8191,0.7891,0.7904421052631578,0.7921,14.6,15.022556390977444,15.4,4,37.49,37.495,0.0049999999999954525,,,1.1999999999999957,12.24,17.13,9.29,0.8170000000000001,0.9570000000000001,0.6089,11.05,1.02,1.92,1
2021-04-10,0.8168,0.8232824999999999,0.8289,0.7763,0.7815016666666667,0.7875,0.7327,0.7341308333333333,0.736,0.7049,0.7064916666666666,0.7077,0.8132,0.8138241666666667,0.8146,0.7875,0.7882791666666666,0.7893,15.0,15.091666666666667,15.2,4,37.4925,37.5175,0.02499999999999858,0.0024999999999977263,0.022500000000000853,1.3999999999999986,12.45,15.77,10.31,0.9259999999999999,0.98,0.821,4.84,2.64,1.07,1
2021-04-11,0.8234,0.8305096,0.8381,0.782,0.7870528,0.7932,0.7358,0.7427808,0.7599,0.7051,0.7092856000000001,0.714,0.813,0.8138048,0.8153,0.787,0.787972,0.7893,15.2,15.5232,16.4,4,37.515,37.5225,0.007500000000000284,0.022500000000000853,0.005000000000002558,17.200000000000003,15.89,24.16,11.88,0.7909999999999999,0.9790000000000001,0.38159999999999994,22.14,1.42,3.59,1
2021-04-12,0.8267,0.8310147826086957,0.8368,0.7852,0.7899747826086956,0.7971,0.744,0.7491939130434783,0.7646,0.7138,0.7172808695652174,0.7229,0.8151,0.816704347826087,0.8184,0.7886,0.7893852173913043,0.7907,16.2,16.30086956521739,16.4,4,37.5225,37.555,0.03249999999999886,0.007500000000000284,0.03249999999999886,16.19999999999999,13.49,17.2,10.64,0.8220000000000001,0.966,0.5412,10.79,0.0,2.03,1
2021-04-13,0.8114,0.820544927536232,0.8269,0.7778,0.7827492753623189,0.7889,0.7351,0.741159420289855,0.7485,0.7088,0.7138623188405797,0.7194,0.8163,0.8174231884057971,0.8184,0.7898,0.7902739130434783,0.7907,16.0,16.12608695652174,16.2,4,37.5375,37.54,0.0024999999999977263,0.015000000000000568,-0.015000000000000568,0.0,13.92,18.03,11.17,0.757,0.9359999999999999,0.5436,15.3,0.0,2.55,1
2021-04-14,0.8066,0.8190204379562044,0.8307,0.7733,0.7850693430656934,0.8031,0.732,0.7433306569343066,0.7618,0.7067,0.7096591240875912,0.7124,0.8156,0.816129197080292,0.8165,0.7893,0.7897284671532847,0.7902,15.6,16.04963503649635,16.2,4,37.5375,37.54,0.0024999999999977263,0.0,0.0,26.60000000000001,13.1,17.23,10.18,0.7759999999999999,0.972,0.5357,12.09,0.81,2.22,1
2021-04-15,0.8135,0.8198398496240602,0.8279,0.7785,0.7824075187969924,0.7879,0.7358,0.7404992481203008,0.7461,0.706,0.7088135338345865,0.711,0.8146,0.8156736842105263,0.8165,0.7888,0.789606015037594,0.79,15.4,15.654135338345865,16.0,4,37.54,37.5425,0.0024999999999977263,0.0024999999999977263,0.0024999999999977263,0.0,10.67,13.41,8.47,0.9,0.9840000000000001,0.6377,3.54,13.4,1.08,1
2021-04-16,0.8168,0.8210590163934427,0.8257,0.7768,0.7799934426229508,0.7879,0.726,0.7302926229508196,0.7358,0.6974,0.7015991803278688,0.706,0.8139,0.8145327868852459,0.8151,0.7888,0.7894893442622951,0.7905,14.6,14.94590163934426,15.4,4,37.5325,37.5425,0.00999999999999801,-0.007500000000000284,0.0,0.0,11.09,19.2,4.87,0.748,0.9740000000000001,0.34049999999999997,22.47,4.67,3.32,1
2021-04-17,0.8175,0.8236594202898552,0.8284,0.7728,0.7752920289855073,0.7773,0.721,0.7244833333333334,0.7278,0.6969,0.6989536231884058,0.7002,0.8139,0.8152746376811595,0.8167,0.7891,0.7902688405797101,0.7916,14.6,15.004347826086956,15.4,4,37.5325,37.5375,0.005000000000002558,0.0,-0.0049999999999954525,29.799999999999997,10.49,17.48,3.59,0.767,0.968,0.4334,21.68,0.0,3.04,1
2021-04-18,0.8082,0.8158978260869566,0.8211,0.7714,0.7730355072463768,0.776,0.7196,0.7215036231884058,0.7231,0.6971,0.6995471014492753,0.7016,0.8153,0.8160768115942029,0.8167,0.7902,0.7907471014492753,0.7912,15.0,15.215942028985506,15.6,4,37.535,37.535,0.0,0.0024999999999977263,-0.0025000000000048317,0.0,12.71,17.03,9.11,0.772,0.95,0.5589,20.41,0.0,2.95,1
2021-04-19,0.8018,0.8161007299270073,0.8287,0.7671,0.7820014598540146,0.8067,0.7196,0.7323394160583941,0.7576,0.6981,0.7001978102189781,0.7032,0.8151,0.815629197080292,0.8163,0.7898,0.7903459854014598,0.7912,15.2,15.437956204379562,16.0,4,37.5325,37.535,0.0024999999999977263,-0.0024999999999977263,0.0,29.0,15.35,23.68,7.69,0.649,0.956,0.25780000000000003,22.01,0.0,3.79,1
2021-04-20,0.812,0.8230920289855072,0.8332,0.7813,0.7864427536231884,0.7917,0.7346,0.7369130434782609,0.7393,0.6999,0.7020311594202899,0.7035,0.8163,0.8169260869565217,0.8181,0.7905,0.7911086956521739,0.7919,16.0,16.22463768115942,16.6,4,37.535,37.535,0.0,0.0024999999999977263,0.0,16.400000000000006,15.65,21.6,10.46,0.7809999999999999,0.951,0.5589,22.86,0.41,3.59,1
2021-04-21,0.8185,0.8303648,0.8386,0.7813,0.7848744000000001,0.7872,0.7302,0.7337440000000001,0.7374,0.7018,0.7039112,0.7053,0.8179,0.8188552,0.82,0.7916,0.792292,0.793,16.6,16.8256,17.2,4,37.5375,37.5725,0.03499999999999659,0.0025000000000048317,0.03750000000000142,26.0,14.84,21.46,11.89,0.86,0.9790000000000001,0.5311,14.58,1.02,2.62,1
2021-04-22,0.8234,0.829535294117647,0.8348,0.78,0.7828661764705882,0.7864,0.7299,0.7316955882352941,0.7332,0.7049,0.7059426470588236,0.707,0.8195,0.8199360294117648,0.8202,0.7923,0.7928183823529412,0.793,17.0,17.051470588235293,17.2,4,37.5725,37.5925,0.020000000000003126,0.03499999999999659,0.020000000000003126,0.0,14.09,16.96,9.67,0.883,0.9740000000000001,0.708,8.52,0.61,1.65,1
2021-04-23,0.8178,0.8259066176470589,0.8348,0.7763,0.7839176470588236,0.7951,0.7278,0.7330941176470588,0.7391,0.703,0.7042985294117647,0.7056,0.8188,0.8194529411764706,0.82,0.7921,0.7926191176470588,0.7932,16.4,16.67205882352941,17.0,4,37.59,37.59,0.0,0.0175000000000054,-0.0024999999999977263,29.600000000000023,13.93,19.82,9.86,0.795,0.9570000000000001,0.5672,14.24,0.0,2.54,1
2021-04-24,0.8183,0.8246859259259259,0.8317,0.7793,0.7813148148148148,0.7847,0.7267,0.7305711111111111,0.7349,0.7013,0.7036762962962964,0.7053,0.8193,0.8198037037037037,0.8202,0.7925,0.7930422222222222,0.7937,16.4,16.50962962962963,17.0,4,37.59,37.59,0.0,0.0,0.0,24.399999999999977,14.35,18.98,10.77,0.7659999999999999,0.9309999999999999,0.5625,11.02,0.0,2.29,1
2021-04-25,0.8097,0.8160029411764705,0.8226,0.7714,0.7745698529411764,0.7795,0.7201,0.7238838235294117,0.7274,0.6964,0.7001713235294117,0.7032,0.8177,0.8186977941176471,0.8198,0.7919,0.7924117647058824,0.7932,16.2,16.366176470588233,17.0,4,37.59,37.595,0.0049999999999954525,0.0,0.0049999999999954525,0.0,16.72,22.43,11.56,0.6828,0.9520000000000001,0.5106,20.7,4.47,3.61,1
2021-04-26,0.8185,0.8245795620437956,0.831,0.7691,0.7708883211678832,0.7731,0.718,0.7208919708029198,0.7227,0.695,0.6977941605839416,0.7002,0.817,0.8174744525547445,0.8181,0.7909,0.7913291970802919,0.7919,17.0,17.04233576642336,17.4,4,37.5925,37.6125,0.01999999999999602,0.0024999999999977263,0.017499999999998295,0.0,16.73,23.29,12.78,0.7759999999999999,0.981,0.47869999999999996,17.69,5.08,3.26,1
2021-04-27,0.8084,0.8187678832116788,0.8342,0.7646,0.767551094890511,0.7708,0.7147,0.7178678832116788,0.7201,0.6924,0.6955722627737226,0.6981,0.8165,0.8183277372262774,0.8323,0.7905,0.7924496350364963,0.8056,17.2,17.35036496350365,17.6,4,37.605,37.6225,0.0175000000000054,0.012499999999995737,0.010000000000005116,0.0,16.02,24.6,11.29,0.8029999999999999,0.973,0.38659999999999994,17.09,22.13,3.29,1
2021-04-28,0.8269,0.8316768656716418,0.8375,0.7657,0.7683477611940299,0.7718,0.7152,0.7171895522388059,0.7185,0.6974,0.7058858208955224,0.7091,0.8318,0.8325208955223881,0.833,0.8049,0.8054917910447762,0.8058,17.4,17.5910447761194,18.2,4,37.6225,37.6325,0.00999999999999801,0.0175000000000054,0.00999999999999801,27.0,17.21,24.14,10.41,0.735,0.965,0.4253,22.26,0.0,3.8,1
2021-04-29,0.8196,0.8273088235294117,0.8378,0.7689,0.7738661764705883,0.778,0.7185,0.7202875000000001,0.7234,0.7067,0.7095338235294117,0.7121,0.8309,0.8313654411764705,0.8321,0.8039,0.8045882352941176,0.8051,18.0,18.191176470588236,18.6,4,37.6225,37.625,0.0024999999999977263,0.0,-0.007500000000000284,14.0,17.53,24.56,11.7,0.6868000000000001,0.9570000000000001,0.34049999999999997,26.35,0.0,4.39,1
2021-04-30,0.7975,0.8100194029850746,0.8218,0.7691,0.7721358208955224,0.7778,0.7192,0.72185,0.7243,0.7058,0.7091820895522388,0.7126,0.8293,0.8303373134328358,0.8311,0.8035,0.8040597014925374,0.8046,18.2,18.36268656716418,18.6,4,37.6225,37.625,0.0024999999999977263,0.0,0.0,0.0,16.91,23.75,11.14,0.6747,0.9490000000000001,0.359,21.32,0.0,3.83,1
2021-05-01,0.7917,0.8135536231884057,0.8358,0.7657,0.7856130434782608,0.8201,0.7199,0.7346173913043479,0.7658,0.7074,0.7102021739130435,0.7138,0.8281,0.8290615942028985,0.8295,0.8025,0.8034695652173913,0.8042,18.0,18.21304347826087,18.4,4,37.625,37.625,0.0,0.0024999999999977263,0.0,10.600000000000023,17.8,23.4,13.34,0.5827,0.9179999999999999,0.2468,26.74,0.0,4.81,1
2021-05-02,0.8066,0.8208217391304348,0.836,0.7842,0.7954731884057971,0.8194,0.7372,0.7449289855072464,0.7592,0.7119,0.7184492753623188,0.7262,0.8279,0.830086956521739,0.8332,0.8025,0.8038942028985507,0.8056,18.2,18.259420289855072,18.4,4,37.625,37.6275,0.0024999999999977263,0.0,0.0024999999999977263,14.199999999999989,15.66,21.51,10.65,0.7190000000000001,0.9229999999999999,0.4975,20.26,0.0,3.46,1
2021-05-03,0.7909,0.8039081481481481,0.8168,0.7775,0.784037037037037,0.7936,0.7353,0.7398511111111111,0.7456,0.7145,0.7182222222222222,0.7222,0.8256,0.8274977777777778,0.8295,0.8009,0.8022637037037037,0.8037,17.6,17.95851851851852,18.2,4,37.6275,37.63,0.0025000000000048317,0.0024999999999977263,0.0025000000000048317,0.0,15.06,20.23,11.71,0.753,0.934,0.4764,13.07,0.2,2.7,1
2021-05-04,0.7836,0.8106416058394161,0.835,0.7721,0.789465693430657,0.8229,0.7327,0.7532569343065694,0.7981,0.7124,0.7190496350364963,0.7274,0.8242,0.826414598540146,0.8291,0.8,0.8011160583941606,0.8023,17.4,17.826277372262776,18.2,4,37.63,37.6375,0.007500000000000284,0.0025000000000048317,0.007500000000000284,22.19999999999999,16.16,22.36,11.05,0.7240000000000001,0.955,0.4572,27.47,0.0,4.31,1
2021-05-05,0.8064,0.8200471014492754,0.8373,0.7867,0.7956985507246377,0.815,0.7548,0.7599963768115943,0.7745,0.7201,0.7229652173913044,0.7262,0.8256,0.826886231884058,0.8284,0.8,0.8011768115942028,0.8023,18.0,18.243478260869566,18.6,4,37.6375,37.675,0.037499999999994316,0.007500000000000284,0.037499999999994316,10.800000000000011,16.99,24.93,10.1,0.746,0.946,0.455,26.58,0.0,4.45,1
2021-05-06,0.8069,0.8203985401459853,0.8386,0.7902,0.7999773722627738,0.8231,0.7548,0.7624941605839417,0.7869,0.7222,0.7262350364963505,0.7325,0.8263,0.827992700729927,0.8304,0.8002,0.8015372262773722,0.8028,18.4,18.662773722627737,19.2,4,37.675,37.6925,0.0175000000000054,0.037499999999994316,0.0175000000000054,17.600000000000023,18.32,26.37,11.45,0.752,0.976,0.4236,26.6,0.0,4.67,1
2021-05-07,0.8064,0.8199615942028986,0.8403,0.7924,0.8015137681159421,0.8229,0.7562,0.7617492753623188,0.7799,0.7215,0.725218115942029,0.7295,0.8272,0.8276572463768116,0.8284,0.8009,0.801768115942029,0.8025,19.2,19.330434782608695,19.6,4,37.6675,37.7,0.03250000000000597,-0.007500000000000284,0.007500000000000284,13.399999999999977,20.98,31.22,13.94,0.5516,0.937,0.1936,28.35,0.0,6.13,1
2021-05-08,0.8,0.8190376811594202,0.8398,0.7914,0.8023347826086956,0.8216,0.7538,0.7607746376811595,0.7785,0.721,0.7243623188405798,0.733,0.8272,0.8281884057971015,0.8295,0.8012,0.8020485507246377,0.803,19.4,19.663768115942027,20.0,4,37.6725,37.71,0.03750000000000142,0.005000000000002558,0.00999999999999801,19.19999999999999,18.85,25.19,11.49,0.6273,0.8320000000000001,0.4472,26.65,0.0,4.7,1
2021-05-09,0.8066,0.821162962962963,0.8416,0.7956,0.8027607407407407,0.8194,0.7552,0.7593770370370371,0.7733,0.718,0.7217570370370371,0.7274,0.8274,0.8281725925925926,0.8288,0.8018,0.8024711111111111,0.8032,19.6,19.880000000000003,20.2,4,37.71,37.7225,0.012499999999995737,0.03750000000000142,0.012499999999995737,15.800000000000011,22.18,29.46,15.12,0.491,0.6984,0.2964,25.11,0.0,5.6,1
2021-05-10,0.8049,0.8214592000000001,0.8434,0.7959,0.8069544,0.831,0.7531,0.7605144,0.7801,0.7177,0.7213792,0.7316,0.8274,0.8283351999999999,0.8295,0.8021,0.8027592,0.8037,20.2,20.2976,20.4,4,37.7225,37.7475,0.025000000000005684,0.012499999999995737,0.025000000000005684,17.399999999999977,19.41,24.12,15.46,0.5046,0.757,0.3126,19.38,0.0,4.15,1
2021-05-11,0.8054,0.8186602941176471,0.8386,0.7968,0.8072191176470589,0.8323,0.755,0.7630242647058824,0.7857,0.7177,0.7224301470588236,0.736,0.8284,0.8296551470588236,0.8323,0.8025,0.8035955882352941,0.8049,19.4,19.805882352941175,20.4,4,37.745,37.755,0.010000000000005116,0.022500000000000853,0.007500000000000284,16.200000000000045,17.87,23.27,12.08,0.37439999999999996,0.6089,0.212,29.25,0.0,5.84,1
2021-05-12,0.8008,0.815234306569343,0.8365,0.7961,0.8027605839416059,0.8177,0.7538,0.7588985401459853,0.7756,0.7133,0.7179408759124087,0.7271,0.8263,0.8276036496350364,0.8291,0.8025,0.8032941605839415,0.8039,19.2,19.397080291970802,19.6,4,37.755,37.795,0.03999999999999915,0.010000000000005116,0.03999999999999915,5.599999999999966,20.13,27.71,9.28,0.386,0.797,0.1928,28.14,0.0,6.05,2
2021-05-13,0.794,0.8139518248175182,0.8393,0.7926,0.8046897810218978,0.8276,0.7494,0.7576613138686131,0.7827,0.711,0.7186817518248175,0.7377,0.8256,0.8284182481751825,0.833,0.8021,0.8035540145985401,0.8051,19.6,19.848175182481754,20.4,4,37.795,37.825,0.030000000000001137,0.03999999999999915,0.030000000000001137,8.0,20.75,26.55,15.6,0.4274,0.755,0.2648,28.01,0.0,5.62,2
2021-05-14,0.7957,0.8152398550724638,0.8419,0.7968,0.8092586956521739,0.8342,0.7503,0.7575702898550725,0.7761,0.7131,0.7179644927536232,0.7299,0.8272,0.828104347826087,0.8293,0.8032,0.804231884057971,0.8053,20.2,20.382608695652173,20.6,4,37.8275,37.8725,0.045000000000001705,0.03249999999999886,0.04749999999999943,2.1999999999999886,19.68,27.15,13.46,0.5372,0.879,0.2184,28.97,0.0,6.3,2
2021-05-15,0.8013,0.8155578947368421,0.8439,0.8011,0.8117548872180451,0.8422,0.752,0.7594699248120301,0.7808,0.7112,0.7165812030075188,0.7304,0.827,0.8276819548872181,0.8295,0.8035,0.804706015037594,0.8063,20.4,20.60451127819549,21.2,4,37.8725,37.9,0.027499999999996305,0.045000000000001705,0.027499999999996305,22.200000000000045,21.62,32.38,12.16,0.5714,0.92,0.1931,27.97,0.0,5.57,2
2021-05-16,0.7929,0.8117213235294117,0.8446,0.8008,0.8075551470588236,0.8256,0.751,0.7561404411764706,0.7679,0.6934,0.7043213235294118,0.7119,0.8214,0.8247007352941177,0.827,0.8044,0.8054544117647059,0.8067,21.2,21.419117647058822,22.0,4,37.9,37.955,0.054999999999999716,0.027499999999996305,0.054999999999999716,28.799999999999898,26.35,35.0,15.87,0.3578,0.809,0.14529999999999998,28.39,0.0,6.68,2
2021-05-17,0.7881,0.8115115942028985,0.8464,0.7964,0.7996405797101449,0.8031,0.7412,0.7459746376811595,0.7513,0.6866,0.6924550724637681,0.6981,0.8211,0.8221971014492754,0.8232,0.8049,0.8055507246376812,0.8063,22.2,22.255072463768116,22.4,4,37.955,38.01,0.054999999999999716,0.054999999999999716,0.054999999999999716,9.400000000000091,21.54,26.7,14.49,0.5964,0.897,0.32549999999999996,25.58,0.0,5.24,2
2021-05-18,0.7945,0.8157160583941606,0.8485,0.7924,0.8117306569343066,0.8506,0.7388,0.7573459854014598,0.7956,0.6887,0.7023007299270073,0.7192,0.8221,0.8238671532846715,0.8256,0.8044,0.8057299270072993,0.807,22.0,22.18832116788321,22.4,4,38.0125,38.055,0.042499999999996874,0.05750000000000455,0.045000000000001705,15.399999999999977,19.6,26.58,12.68,0.7070000000000001,0.93,0.4459,27.82,0.0,4.88,2
2021-05-19,0.8006,0.8127752688172043,0.8492,0.81,0.8171215053763441,0.8496,0.7609,0.7756881720430107,0.8192,0.7084,0.7179053763440861,0.741,0.8251,0.8294010752688171,0.8365,0.8053,0.8072462365591397,0.8095,22.2,22.359139784946237,22.4,4,38.055,38.095,0.03999999999999915,0.042499999999996874,0.03999999999999915,15.200000000000045,19.6,24.8,14.7,0.706,0.948,0.4572,23.99,0.0,4.57,2
2021-05-20,0.799,0.814163768115942,0.8464,0.8073,0.8151478260869565,0.8464,0.774,0.7869601449275362,0.8263,0.7187,0.7282659420289854,0.7508,0.8302,0.8347420289855073,0.8411,0.8072,0.8094485507246377,0.8116,22.0,22.16231884057971,22.4,4,38.0975,38.1425,0.045000000000001705,0.042499999999996874,0.04749999999999943,12.599999999999909,18.44,23.92,13.72,0.6799,0.92,0.4296,27.51,0.0,4.72,2
2021-05-21,0.7965,0.805764423076923,0.8446,0.8016,0.8070298076923077,0.841,0.7747,0.7824692307692308,0.8209,0.7229,0.7287653846153846,0.7548,0.8316,0.8344894230769231,0.8416,0.8086,0.8106913461538461,0.813,21.6,22.01153846153846,22.2,4,38.1425,38.175,0.03249999999999886,0.045000000000001705,0.03249999999999886,8.200000000000045,19.71,27.2,12.23,0.6487999999999999,0.932,0.2966,25.98,0.0,4.77,2
2021-05-22,0.7914,0.8099021739130434,0.8429,0.7986,0.808672463768116,0.8414,0.774,0.7883195652173913,0.8319,0.7238,0.7361398550724637,0.7646,0.8307,0.8350695652173913,0.8416,0.8095,0.8117195652173913,0.8137,22.0,22.156521739130433,22.4,4,38.1775,38.225,0.04749999999999943,0.035000000000003695,0.05000000000000426,15.799999999999955,19.26,23.98,13.61,0.726,0.917,0.5587,27.6,0.0,4.75,2
2021-05-23,0.795,0.8171878787878788,0.8406,0.7964,0.8120083333333333,0.8362,0.7759,0.7930295454545455,0.8267,0.7316,0.7406007575757575,0.7698,0.8293,0.8323492424242424,0.8416,0.8091,0.8106242424242424,0.8128,21.0,21.925757575757576,22.4,4,38.225,38.3475,0.12249999999999517,0.04749999999999943,0.12249999999999517,0.0,15.16,18.49,12.7,0.902,0.982,0.728,2.45,65.57,1.08,2
2021-05-24,0.7985,0.8154578512396694,0.8353,0.7815,0.7938603305785125,0.8243,0.7581,0.772889256198347,0.8113,0.7473,0.757903305785124,0.7738,0.8414,0.8439892561983471,0.8467,0.8135,0.8228652892561983,0.8242,20.0,20.234710743801653,21.0,4,38.3175,38.3675,0.04999999999999716,0.09250000000000114,0.020000000000003126,0.0,19.03,27.1,12.04,0.6248,0.987,0.2919,29.41,0.0,5.44,2
2021-05-25,0.7676,0.7828260869565218,0.7985,0.7664,0.7747007246376811,0.7835,0.7442,0.7520021739130435,0.7592,0.7391,0.7448050724637681,0.7499,0.8381,0.8394934782608695,0.8414,0.8186,0.8203471014492754,0.8223,20.2,20.459420289855075,20.6,4,38.32,38.355,0.03499999999999659,0.0024999999999977263,-0.012500000000002842,0.0,18.08,23.61,12.24,0.735,0.897,0.5113,24.21,0.0,4.37,2
2021-05-26,0.7643,0.7961496350364964,0.8358,0.7634,0.7830810218978103,0.8266,0.7421,0.75732700729927,0.822,0.7388,0.7540036496350365,0.8183,0.8365,0.840512408759124,0.8472,0.817,0.8186540145985401,0.8202,20.4,20.681751824817518,21.0,4,38.3575,38.4025,0.045000000000001705,0.03750000000000142,0.04750000000000654,21.200000000000045,18.39,23.28,13.91,0.7070000000000001,0.948,0.4422,28.22,0.0,4.77,2
2021-05-27,0.7914,0.8088927536231885,0.8358,0.7778,0.7909065217391305,0.8241,0.7496,0.7621449275362319,0.8092,0.7459,0.7553246376811594,0.786,0.8386,0.8413362318840579,0.847,0.8163,0.8177014492753623,0.8191,20.4,20.618840579710145,21.0,4,38.3975,38.44,0.042499999999996874,0.03999999999999915,0.037499999999994316,17.199999999999932,17.09,23.05,11.29,0.7090000000000001,0.902,0.44909999999999994,18.23,0.41,3.47,2
2021-05-28,0.7975,0.8127955882352941,0.8375,0.783,0.7926455882352942,0.8251,0.7543,0.7632235294117647,0.8094,0.7442,0.7536330882352942,0.7991,0.8374,0.8409419117647059,0.8481,0.8151,0.817177205882353,0.8191,20.2,20.427941176470586,20.6,4,38.4375,38.465,0.02750000000000341,0.03999999999999915,0.025000000000005684,33.0,17.99,22.58,14.45,0.754,0.9359999999999999,0.5472,17.22,0.61,3.22,2
2021-05-29,0.7996,0.811631884057971,0.8373,0.7815,0.7924557971014493,0.8229,0.7496,0.7612369565217391,0.8047,0.7395,0.748676811594203,0.782,0.8367,0.839426811594203,0.8463,0.8144,0.8165166666666667,0.8184,20.2,20.569565217391304,21.0,4,38.4675,38.505,0.03750000000000142,0.030000000000001137,0.03999999999999915,32.60000000000002,19.68,27.44,13.28,0.6829000000000001,0.948,0.38789999999999997,28.83,0.0,5.22,2
2021-05-30,0.7674,0.7840153284671533,0.8006,0.7664,0.776907299270073,0.7882,0.7306,0.7430890510948905,0.7555,0.7168,0.7299744525547446,0.7421,0.8316,0.8340459854014599,0.8372,0.8137,0.8146481751824818,0.816,20.6,20.87883211678832,21.2,4,38.5075,38.54,0.03249999999999886,0.03999999999999915,0.03499999999999659,0.0,19.33,26.78,13.25,0.6257,0.887,0.2969,22.62,0.0,4.41,2
2021-05-31,0.7625,0.8018407407407407,0.8383,0.7624,0.78554,0.8258,0.7276,0.7520377777777777,0.8113,0.7147,0.7400748148148149,0.8049,0.8304,0.8350925925925926,0.8456,0.8121,0.8143325925925926,0.817,20.6,20.86074074074074,21.0,4,38.54,38.595,0.054999999999999716,0.03249999999999886,0.054999999999999716,33.0,18.81,23.55,13.88,0.6777,0.9109999999999999,0.428,11.88,0.0,2.65,2
2021-06-01,0.8036,0.8176673913043478,0.8381,0.7827,0.7929630434782609,0.8239,0.7499,0.7620231884057971,0.8068,0.7384,0.7484855072463767,0.7876,0.8314,0.8346471014492755,0.8428,0.8121,0.814255072463768,0.8163,20.6,20.759420289855075,21.0,4,38.595,38.6625,0.06750000000000256,0.054999999999999716,0.06750000000000256,28.200000000000045,18.1,24.21,14.4,0.782,0.935,0.5567,12.45,0.81,2.7,2
2021-06-02,0.8049,0.8151262773722627,0.8383,0.783,0.7914970802919709,0.8231,0.7494,0.7597313868613139,0.8028,0.7346,0.7447832116788322,0.7815,0.8291,0.8329883211678832,0.8418,0.8118,0.8149459854014598,0.8181,20.6,20.827737226277375,21.2,4,38.66,38.695,0.035000000000003695,0.06499999999999773,0.03249999999999886,32.0,20.31,26.26,14.87,0.765,0.948,0.5246,24.33,0.0,4.53,2
2021-06-03,0.8016,0.8146007246376812,0.8401,0.7825,0.7922855072463768,0.8256,0.7489,0.7604528985507246,0.8047,0.7332,0.7457094202898551,0.7888,0.8274,0.831572463768116,0.8409,0.8118,0.8150673913043478,0.8186,21.2,21.447826086956525,21.6,4,38.695,38.76,0.06499999999999773,0.035000000000003695,0.06499999999999773,32.39999999999998,20.5,25.01,15.84,0.7829999999999999,0.951,0.5694,22.47,0.0,4.19,2
2021-06-04,0.8043,0.8162204379562044,0.8398,0.7847,0.7934065693430657,0.8261,0.7506,0.7611751824817519,0.8063,0.7353,0.7458116788321167,0.789,0.8258,0.829878102189781,0.8395,0.8116,0.8144678832116788,0.8177,21.6,21.6,21.6,4,38.7625,38.815,0.052499999999994884,0.06750000000000256,0.054999999999999716,25.399999999999977,20.26,26.48,16.72,0.7859999999999999,0.929,0.5059,16.38,0.0,3.45,2
2021-06-05,0.7927,0.8052189781021898,0.8358,0.7763,0.7832598540145985,0.7882,0.7395,0.7482846715328467,0.7538,0.718,0.7284459854014599,0.7363,0.8198,0.8229481751824818,0.827,0.8088,0.810463503649635,0.8135,21.4,21.602919708029198,22.0,4,38.815,38.94,0.125,0.052499999999994884,0.125,0.0,18.65,24.43,12.81,0.88,0.9670000000000001,0.6223,13.36,26.39,2.82,2
2021-06-06,0.8087,0.8240014598540146,0.8375,0.7847,0.7936058394160584,0.8211,0.7482,0.757958394160584,0.7911,0.7262,0.7365810218978102,0.7761,0.8223,0.8264051094890511,0.8349,0.8098,0.8124875912408759,0.8156,20.6,20.95036496350365,21.4,4,38.9225,38.9575,0.035000000000003695,0.1075000000000017,0.0175000000000054,15.799999999999955,19.61,27.54,13.76,0.764,0.9620000000000001,0.4285,26.39,0.0,4.97,2
2021-06-07,0.8036,0.8157079710144928,0.8396,0.7852,0.7957920289855073,0.8266,0.748,0.7611615942028985,0.8047,0.7248,0.7345384057971014,0.759,0.823,0.8252594202898551,0.8304,0.8105,0.8118210144927537,0.813,21.2,21.444927536231884,22.0,4,38.925,38.9475,0.022500000000000853,0.0024999999999977263,-0.010000000000005116,10.200000000000045,20.83,27.87,14.32,0.746,0.973,0.5146999999999999,29.56,0.0,5.28,2
2021-06-08,0.8023,0.8159154411764706,0.8411,0.7867,0.7973301470588234,0.8283,0.7522,0.7641573529411765,0.807,0.7274,0.7381220588235294,0.7684,0.8218,0.8246625,0.8314,0.8091,0.8107595588235295,0.8125,22.0,22.08970588235294,22.4,4,38.945,38.9825,0.03750000000000142,0.020000000000003126,0.035000000000003695,13.200000000000045,21.67,27.37,14.88,0.6934999999999999,0.93,0.44229999999999997,28.6,0.0,5.32,2
2021-06-09,0.8008,0.8145430656934306,0.8414,0.785,0.7961839416058395,0.8256,0.7513,0.7627423357664234,0.8019,0.7274,0.7389153284671532,0.7916,0.8207,0.8249810218978103,0.8397,0.8081,0.8116861313868613,0.8165,22.2,22.437956204379564,22.6,4,38.9725,39.0125,0.04000000000000625,0.027499999999996305,0.030000000000001137,32.0,22.82,30.34,15.67,0.6204,0.953,0.31379999999999997,29.59,0.0,5.84,2
2021-06-10,0.7996,0.8129963235294118,0.8416,0.786,0.7972022058823529,0.8298,0.7501,0.7626588235294117,0.8038,0.7217,0.7350286764705882,0.7867,0.8181,0.8227455882352941,0.8351,0.8081,0.8117080882352942,0.8163,22.6,22.873529411764707,23.0,4,39.015,39.045,0.030000000000001137,0.04250000000000398,0.03249999999999886,29.0,22.31,28.35,15.95,0.5895,0.941,0.3089,29.3,0.0,5.71,2
2021-06-11,0.7929,0.8092652173913044,0.8396,0.7842,0.7926826086956522,0.8154,0.7489,0.7579985507246377,0.7883,0.717,0.7324260869565217,0.7918,0.8158,0.8211036231884058,0.8372,0.8077,0.8119666666666667,0.8181,22.4,22.917391304347824,23.2,4,39.03,39.065,0.03499999999999659,0.015000000000000568,0.01999999999999602,31.399999999999977,22.55,29.15,14.69,0.5406,0.809,0.3201,29.06,0.0,5.85,2
2021-06-12,0.7889,0.8056328467153285,0.8426,0.7825,0.7945087591240876,0.8298,0.7454,0.759214598540146,0.8012,0.7147,0.7324627737226277,0.7876,0.8132,0.8187328467153284,0.833,0.8077,0.811016788321168,0.8158,22.6,23.11824817518248,23.4,4,39.0625,39.115,0.05250000000000199,0.03249999999999886,0.05000000000000426,31.79999999999984,23.95,30.08,17.6,0.5008,0.738,0.2932,27.5,0.0,6.24,2
2021-06-13,0.7833,0.8037340579710145,0.8429,0.785,0.7986826086956521,0.8345,0.7513,0.7651702898550725,0.8131,0.7192,0.7357260869565216,0.7881,0.8114,0.8171376811594203,0.8297,0.8063,0.8096833333333333,0.8135,23.2,23.420289855072465,24.0,4,39.12,39.1725,0.05250000000000199,0.05749999999999744,0.05749999999999744,27.200000000000273,24.04,30.35,17.6,0.5304,0.802,0.31010000000000004,27.93,0.0,5.99,2
2021-06-14,0.7823,0.803534306569343,0.8452,0.7882,0.8000540145985401,0.8372,0.7543,0.7683773722627738,0.8188,0.7173,0.7356029197080293,0.786,0.8105,0.8168175182481752,0.8297,0.8058,0.8092802919708029,0.8137,23.6,23.927007299270073,24.2,4,39.1675,39.225,0.05750000000000455,0.04749999999999943,0.05250000000000199,32.399999999999864,23.99,30.57,16.57,0.4826,0.77,0.28800000000000003,27.61,0.0,5.74,2
2021-06-15,0.7798,0.8013379562043795,0.8431,0.7867,0.7989868613138686,0.8375,0.7569,0.7709109489051095,0.8232,0.7182,0.7398299270072993,0.7951,0.8105,0.8170613138686131,0.8297,0.8056,0.8088941605839416,0.813,24.0,24.122627737226274,24.2,4,39.225,39.2725,0.04749999999999943,0.05750000000000455,0.04749999999999943,28.600000000000136,24.27,31.18,17.76,0.4731,0.6614,0.2884,22.27,0.0,5.53,2
2021-06-16,0.7785,0.8027166666666666,0.8403,0.7842,0.7988210144927537,0.8273,0.7567,0.7697565217391305,0.8082,0.7288,0.7430804347826088,0.8007,0.8118,0.8181949275362319,0.8349,0.8051,0.8091355072463768,0.8146,24.2,24.263768115942028,24.4,4,39.275,39.35,0.07500000000000284,0.04999999999999716,0.07750000000000057,31.0,23.96,30.3,19.5,0.623,0.9,0.3126,16.39,0.0,4.19,2
2021-06-17,0.7922,0.8182408759124088,0.8464,0.7929,0.8072299270072993,0.8333,0.7625,0.7781773722627737,0.8145,0.7318,0.7463992700729927,0.796,0.8137,0.8211401459854015,0.8342,0.806,0.8115759124087591,0.8184,24.0,24.16934306569343,24.4,4,39.3525,39.425,0.07249999999999801,0.07750000000000057,0.07499999999999574,31.59999999999991,23.04,29.54,16.79,0.6876000000000001,0.958,0.3883,25.42,24.97,5.17,2
2021-06-18,0.8021,0.8135978102189781,0.8431,0.7924,0.8024233576642336,0.8353,0.7632,0.7747328467153285,0.8197,0.729,0.7412963503649634,0.7916,0.8144,0.8190423357664234,0.8311,0.8081,0.8108985401459855,0.8153,24.0,24.163503649635036,24.2,4,39.4125,39.4475,0.03499999999999659,0.060000000000002274,0.022500000000000853,33.0,22.53,27.7,18.36,0.723,0.934,0.5323,24.35,0.0,4.81,2
2021-06-19,0.801,0.8160021897810219,0.8414,0.7932,0.8041532846715328,0.8348,0.7639,0.7761693430656934,0.8171,0.7302,0.743756204379562,0.7935,0.8135,0.8183014598540146,0.8304,0.8063,0.8089562043795621,0.8135,23.6,24.014598540145986,24.2,4,39.4475,39.5025,0.054999999999999716,0.03499999999999659,0.054999999999999716,32.59999999999991,21.27,25.51,18.1,0.828,0.9470000000000001,0.6076,12.16,0.0,2.77,2
2021-06-20,0.8018,0.8157379562043796,0.8416,0.7956,0.8041759124087591,0.8348,0.7642,0.7743627737226277,0.8143,0.7269,0.7403372262773722,0.7897,0.8121,0.8163518248175182,0.8274,0.8042,0.8068109489051095,0.8102,23.4,23.654014598540144,24.0,4,39.475,39.5475,0.07249999999999801,0.02750000000000341,0.045000000000001705,31.800000000000182,23.03,30.34,16.65,0.5884,0.96,0.2498,27.08,0.0,5.61,2
2021-06-21,0.7947,0.8104913043478261,0.8416,0.7894,0.8022876811594203,0.8345,0.7571,0.7705507246376812,0.8099,0.721,0.7346731884057971,0.7892,0.8105,0.8149202898550725,0.8279,0.803,0.805313768115942,0.8086,23.4,23.67391304347826,24.0,4,39.5025,39.555,0.05250000000000199,0.027499999999996305,0.007500000000000284,32.19999999999982,24.33,30.7,16.03,0.5044,0.875,0.29460000000000003,29.62,0.0,6.15,2
2021-06-22,0.7899,0.8085571428571429,0.8414,0.7899,0.8029421052631579,0.8335,0.7576,0.7706000000000001,0.8045,0.7177,0.7318616541353383,0.7782,0.8095,0.813796992481203,0.823,0.8021,0.8039353383458646,0.806,23.6,23.917293233082706,24.2,4,39.505,39.5725,0.06749999999999545,0.0025000000000048317,0.017499999999998295,33.40000000000009,23.06,29.88,17.0,0.4705,0.826,0.24710000000000001,28.23,0.0,6.0,2
2021-06-23,0.7935,0.8116253623188406,0.8411,0.7924,0.8057731884057971,0.8355,0.7578,0.7717521739130435,0.7974,0.7117,0.7176659420289855,0.7227,0.806,0.8084608695652173,0.8116,0.8007,0.8015326086956521,0.803,23.6,23.933333333333334,24.2,4,39.5725,39.6175,0.045000000000001705,0.06749999999999545,0.045000000000001705,32.59999999999991,21.26,26.61,15.36,0.6825,0.8740000000000001,0.4647,27.97,0.0,5.22,2
2021-06-24,0.801,0.8146386861313869,0.8439,0.7983,0.8090766423357665,0.8407,0.7646,0.7777576642335767,0.8174,0.7117,0.7325051094890511,0.7869,0.806,0.8128678832116788,0.8263,0.7993,0.8024445255474453,0.806,23.6,24.068613138686132,24.2,4,39.6025,39.6475,0.045000000000001705,0.030000000000001137,0.030000000000001137,32.40000000000009,21.99,26.98,16.56,0.6197,0.878,0.3876,29.29,0.0,5.63,2
2021-06-25,0.7962,0.813275,0.8421,0.7959,0.8090224137931034,0.8365,0.7644,0.7771939655172414,0.8129,0.7236,0.7395862068965517,0.789,0.8095,0.8158663793103449,0.8267,0.8002,0.8033741379310345,0.806,23.6,24.13448275862069,24.4,4,39.63,39.6675,0.037499999999994316,0.02750000000000341,0.01999999999999602,32.0,21.93,27.71,16.37,0.6431999999999999,0.851,0.39020000000000005,29.03,0.0,5.58,2
2021-06-26,0.7965,0.812769105691057,0.8439,0.7976,0.8098634146341464,0.8414,0.7635,0.7769626016260163,0.8206,0.7222,0.7412764227642276,0.7937,0.8105,0.8173243902439025,0.8307,0.8002,0.8047243902439024,0.8102,24.0,24.289430894308943,24.4,4,39.6275,39.68,0.05250000000000199,-0.0025000000000048317,0.012500000000002842,40.40000000000009,22.71,29.3,14.96,0.5811999999999999,0.91,0.2305,29.34,0.0,5.86,3
2021-06-27,0.7973,0.8149076923076923,0.8444,0.8001,0.8125480769230768,0.8432,0.7644,0.7765423076923077,0.8223,0.7292,0.7463221153846153,0.8047,0.8125,0.8203019230769232,0.8316,0.8014,0.8065163461538462,0.8105,24.2,24.61346153846154,25.0,4,39.6475,39.715,0.06750000000000256,0.020000000000003126,0.035000000000003695,40.19999999999982,24.12,33.45,16.12,0.6064,0.9259999999999999,0.30269999999999997,28.89,0.0,6.1,3
2021-06-28,0.798,0.8108914893617021,0.8452,0.8016,0.8112585106382979,0.8439,0.7609,0.7718287234042553,0.8188,0.7302,0.7410989361702128,0.7935,0.8146,0.8196627659574468,0.8309,0.8025,0.8057,0.8098,25.0,25.153191489361703,25.4,4,39.6475,39.73,0.08249999999999602,0.0,0.014999999999993463,41.0,24.09,32.45,17.89,0.6248,0.893,0.2804,29.05,0.0,6.18,3
2021-06-29,0.7978,0.816031182795699,0.8454,0.8016,0.8144279569892473,0.8449,0.7613,0.7766580645161291,0.8181,0.7288,0.7451107526881721,0.7932,0.8156,0.8210451612903227,0.8335,0.8028,0.806094623655914,0.8114,25.2,25.29462365591398,25.4,4,39.6775,39.7275,0.04999999999999716,0.030000000000001137,-0.0024999999999977263,40.399999999999864,22.77,28.47,16.4,0.701,0.915,0.4989,27.22,0.0,5.31,3
2021-06-30,0.8043,0.8184452173913044,0.8459,0.806,0.8176295652173913,0.8476,0.7651,0.7795608695652174,0.823,0.7302,0.7458921739130434,0.8002,0.8153,0.8217704347826087,0.8335,0.803,0.8076443478260869,0.8121,25.2,25.40695652173913,25.6,4,39.665,39.7575,0.09250000000000114,-0.012500000000002842,0.030000000000001137,40.200000000000045,23.51,28.65,19.36,0.725,0.9309999999999999,0.484,25.96,0.0,5.18,3
2021-07-01,0.801,0.8154236641221374,0.8454,0.8033,0.8151717557251908,0.8464,0.763,0.7759022900763358,0.8197,0.7267,0.7416564885496183,0.7986,0.8149,0.8219343511450382,0.8349,0.8035,0.808006106870229,0.8128,25.4,25.61832061068702,26.0,4,39.665,39.7575,0.09250000000000114,0.0,0.0,40.399999999999864,23.77,29.45,17.49,0.6797,0.922,0.3693,28.91,0.0,5.66,3
2021-07-02,0.7983,0.8153514851485149,0.8467,0.8033,0.816490099009901,0.8474,0.7602,0.7736980198019803,0.8181,0.7227,0.7384643564356436,0.7932,0.816,0.8232752475247526,0.8344,0.8042,0.8083118811881188,0.8118,25.4,25.89108910891089,26.2,4,39.685,39.77,0.08500000000000085,0.020000000000003126,0.012500000000002842,32.40000000000009,24.32,30.88,17.65,0.7140000000000001,0.948,0.43310000000000004,28.57,0.0,5.77,3
2021-07-03,0.7985,0.8142037037037038,0.8487,0.806,0.8171503703703704,0.8491,0.7602,0.7723807407407407,0.8181,0.7173,0.7360577777777778,0.7977,0.8179,0.825022962962963,0.8388,0.8044,0.8089674074074074,0.8146,26.0,26.303703703703704,26.6,4,39.6225,39.785,0.16249999999999432,-0.0625,0.014999999999993463,39.799999999999955,26.68,36.73,18.03,0.6235,0.9520000000000001,0.17370000000000002,28.74,0.0,6.64,3
2021-07-04,0.7909,0.803886301369863,0.8479,0.804,0.8135452054794521,0.8496,0.7562,0.765317808219178,0.8185,0.7117,0.7244205479452055,0.7904,0.8198,0.8268616438356164,0.8423,0.8058,0.8110671232876713,0.816,26.4,26.745205479452057,27.2,4,39.6325,39.7775,0.14500000000000313,0.00999999999999801,-0.007499999999993179,39.0,27.97,38.22,19.24,0.5264,0.941,0.184,29.02,0.0,7.06,3
2021-07-05,0.7859,0.8193044117647058,0.8517,0.8033,0.8221514705882353,0.8491,0.7531,0.7778058823529411,0.8169,0.7072,0.7260801470588235,0.7541,0.8216,0.8288242647058823,0.8367,0.8079,0.8129066176470588,0.817,27.0,27.169117647058822,27.6,4,39.7,39.8,0.09999999999999432,0.06750000000000256,0.022499999999993747,33.0,25.05,30.99,18.54,0.736,0.9740000000000001,0.5144,28.04,0.0,5.64,3
2021-07-06,0.8066,0.8357247619047619,0.8528,0.8058,0.8263571428571428,0.8464,0.7686,0.7940771428571429,0.8284,0.7316,0.7577076190476191,0.8094,0.8293,0.8405390476190476,0.8556,0.813,0.8208761904761904,0.8291,27.2,27.603809523809524,28.6,4,39.6325,39.79,0.15749999999999886,-0.06750000000000256,-0.00999999999999801,85.59999999999991,28.66,37.8,20.59,0.5327000000000001,0.898,0.1865,28.58,0.0,6.82,3
2021-07-07,0.8041,0.8318910714285714,0.8495,0.8033,0.8219133928571428,0.8424,0.7663,0.7893142857142857,0.8211,0.7269,0.7536375,0.7944,0.8372,0.8447946428571429,0.8539,0.8204,0.8247348214285715,0.8304,27.6,27.8875,28.6,4,39.6775,39.805,0.12749999999999773,0.045000000000001705,0.015000000000000568,80.80000000000018,25.18,30.82,21.02,0.6559999999999999,0.905,0.3771,23.32,0.0,5.15,3
2021-07-08,0.8069,0.8310905797101449,0.8472,0.8023,0.8189427536231884,0.8397,0.7656,0.7850673913043478,0.8124,0.7276,0.7487217391304348,0.7794,0.8367,0.843445652173913,0.8497,0.8221,0.8260811594202899,0.8304,27.2,27.568115942028985,28.2,4,39.6975,39.815,0.11749999999999972,0.01999999999999602,0.00999999999999801,82.40000000000009,24.13,29.54,19.07,0.6948000000000001,0.927,0.4065,25.25,0.0,5.3,3
2021-07-09,0.8054,0.8285644628099174,0.8475,0.7996,0.8151371900826446,0.8377,0.7642,0.7827471074380166,0.8136,0.7278,0.7483611570247933,0.7799,0.8356,0.8412710743801654,0.8479,0.8223,0.8258165289256199,0.83,26.6,27.143801652892563,27.4,4,39.7125,39.8225,0.10999999999999943,0.015000000000000568,0.007500000000000284,77.0,23.5,28.92,18.95,0.6827,0.883,0.4742,25.48,0.0,5.27,3
2021-07-10,0.7998,0.8271766423357664,0.8457,0.7954,0.8143598540145985,0.8372,0.7578,0.7839554744525548,0.8141,0.7189,0.7513204379562043,0.7953,0.8363,0.8422912408759125,0.8532,0.8221,0.8263751824817519,0.8318,26.4,26.791240875912408,27.2,4,39.67,39.815,0.14499999999999602,-0.042499999999996874,-0.007500000000000284,78.59999999999991,24.39,32.44,16.54,0.5195000000000001,0.888,0.2082,27.57,0.0,5.84,3
2021-07-11,0.8046,0.8272734848484848,0.8475,0.7976,0.8138477272727273,0.8362,0.7597,0.7825909090909091,0.8127,0.7201,0.7471272727272728,0.7906,0.8344,0.840378787878788,0.8507,0.8214,0.8258090909090909,0.8316,26.6,27.003030303030304,27.4,4,39.7275,39.85,0.12250000000000227,0.05749999999999744,0.035000000000003695,77.39999999999964,24.8,31.43,18.0,0.6881,0.904,0.40880000000000005,24.26,0.0,5.21,3
2021-07-12,0.7919,0.8223077586206896,0.8459,0.7954,0.8146612068965516,0.8372,0.7574,0.7828922413793103,0.8103,0.7149,0.7467120689655172,0.7871,0.8328,0.8390896551724139,0.8477,0.8216,0.8272827586206897,0.833,27.2,27.49310344827586,28.2,4,39.68,39.870000000000005,0.19000000000000483,-0.04749999999999943,0.020000000000003126,95.40000000000055,31.06,40.29,21.54,0.39490000000000003,0.889,0.09449999999999999,24.94,0.0,8.33,3
2021-07-13,0.7838,0.8072430656934306,0.8426,0.7951,0.810251094890511,0.8357,0.763,0.7811875912408759,0.8164,0.7238,0.7452992700729927,0.7913,0.8321,0.837763503649635,0.8486,0.8232,0.8271598540145985,0.8323,27.4,27.725547445255476,28.2,4,39.7425,39.8725,0.13000000000000256,0.0625,0.0024999999999977263,68.39999999999964,24.06,31.24,19.39,0.5238,0.765,0.2043,28.37,0.0,6.29,3
2021-07-14,0.7755,0.7993622807017544,0.8414,0.7924,0.8070771929824562,0.8367,0.7616,0.7811429824561404,0.8143,0.721,0.7466903508771929,0.7913,0.83,0.8361385964912281,0.8481,0.8218,0.8263692982456141,0.8323,27.2,27.398245614035087,28.0,4,39.7775,39.88,0.10249999999999915,0.035000000000003695,0.007500000000000284,56.0,23.03,29.2,17.65,0.64,0.8240000000000001,0.43200000000000005,25.9,0.0,5.26,3
2021-07-15,0.7767,0.8049661290322581,0.8388,0.7907,0.8067806451612903,0.8345,0.7609,0.7821693548387098,0.8206,0.7187,0.7474322580645162,0.801,0.8279,0.8343967741935484,0.8465,0.8209,0.8258983870967742,0.8318,26.6,27.05806451612903,27.6,4,39.775,39.9,0.125,-0.0025000000000048317,0.01999999999999602,70.20000000000027,22.53,28.62,17.36,0.6666,0.861,0.3945,25.14,0.0,5.15,3
2021-07-16,0.775,0.79915,0.835,0.7877,0.803908,0.8365,0.7604,0.7789,0.8202,0.7161,0.742446,0.8014,0.8253,0.832038,0.8439,0.8198,0.824712,0.8297,26.2,26.752,27.4,4,39.7925,39.915,0.12250000000000227,0.017499999999998295,0.015000000000000568,44.20000000000027,23.6,29.99,17.74,0.6554000000000001,0.868,0.4359,28.87,0.0,5.61,3
2021-07-17,0.7671,0.7955945945945947,0.8297,0.7875,0.805754954954955,0.8362,0.7604,0.7847477477477477,0.8218,0.7156,0.7500855855855856,0.8054,0.8237,0.8322108108108108,0.8442,0.8181,0.824,0.8302,26.6,27.131531531531532,27.4,4,39.8,39.935,0.13500000000000512,0.007500000000000284,0.020000000000003126,71.40000000000009,24.19,31.27,17.86,0.6238,0.8809999999999999,0.32299999999999995,28.48,0.0,5.83,3
2021-07-18,0.7674,0.7955492753623188,0.8317,0.7845,0.8047630434782609,0.8353,0.7599,0.7807507246376811,0.8157,0.7135,0.7437094202898551,0.7942,0.8228,0.8306485507246376,0.8442,0.8174,0.8229159420289854,0.83,27.0,27.28695652173913,28.0,4,39.83,39.9525,0.12250000000000227,0.030000000000001137,0.017499999999998295,69.40000000000009,24.79,32.42,17.76,0.6744,0.9,0.3394,28.38,0.0,5.91,3
2021-07-19,0.7671,0.7984008333333333,0.8355,0.7879,0.8063991666666667,0.839,0.7604,0.7831433333333333,0.8176,0.7126,0.7439758333333334,0.7953,0.8223,0.830455,0.8451,0.8167,0.8227266666666666,0.8302,27.4,27.725,28.2,4,39.83,39.985,0.15500000000000114,0.0,0.03249999999999886,56.59999999999991,25.17,31.03,20.1,0.6769,0.9179999999999999,0.341,28.36,0.0,5.89,3
2021-07-20,0.7709,0.8050021978021978,0.8342,0.7882,0.8106692307692307,0.837,0.7611,0.7870681318681318,0.8178,0.7135,0.7469593406593406,0.7951,0.8223,0.830543956043956,0.8414,0.8165,0.8222934065934066,0.827,27.4,27.745054945054946,28.2,4,39.8625,39.9925,0.13000000000000256,0.03249999999999886,0.007500000000000284,70.59999999999991,25.05,32.98,19.09,0.6505,0.9179999999999999,0.3582,27.3,0.0,5.73,3
2021-07-21,0.7745,0.8030973684210526,0.8381,0.7904,0.8085315789473685,0.8385,0.7623,0.7850280701754386,0.8206,0.7142,0.7448956140350876,0.7977,0.8225,0.8298192982456141,0.8428,0.8163,0.8215605263157895,0.8284,27.6,27.83684210526316,28.2,4,39.8775,40.0575,0.17999999999999972,0.015000000000000568,0.06499999999999773,71.0,25.69,33.35,19.25,0.6605,0.945,0.29100000000000004,28.51,0.0,6.05,4
2021-07-22,0.7739,0.8062423076923076,0.8464,0.7904,0.8099836538461538,0.8427,0.7609,0.7858250000000001,0.8237,0.7107,0.7447173076923076,0.8002,0.8216,0.8289432692307692,0.8414,0.8172,0.8220634615384615,0.8284,27.6,27.998076923076926,28.6,4,39.8825,40.0325,0.14999999999999858,0.005000000000002558,-0.02499999999999858,71.40000000000009,26.51,35.47,19.25,0.5053,0.7759999999999999,0.21789999999999998,29.05,0.0,6.47,4
2021-07-23,0.7752,0.8069898305084746,0.8459,0.7902,0.8098694915254238,0.8417,0.7618,0.7858186440677967,0.8202,0.714,0.7448474576271186,0.7925,0.8211,0.8280152542372881,0.8397,0.8172,0.8213237288135593,0.8265,27.4,28.033898305084747,28.6,4,39.9175,40.06,0.1425000000000054,0.03499999999999659,0.02750000000000341,56.40000000000009,26.71,33.85,19.06,0.4857,0.757,0.25329999999999997,23.05,0.0,5.31,4
2021-07-24,0.7778,0.8103116883116883,0.8444,0.7904,0.8114779220779221,0.841,0.7616,0.7883675324675326,0.8235,0.7133,0.7479025974025975,0.7991,0.8214,0.8291402597402597,0.8432,0.817,0.8217948051948052,0.8291,27.6,28.34805194805195,29.0,4,39.95,40.09,0.14000000000000057,0.03250000000000597,0.030000000000001137,58.59999999999991,27.06,36.34,20.77,0.5778,0.929,0.23149999999999998,25.48,0.0,6.15,4
2021-07-25,0.7805,0.8102214285714285,0.8426,0.7926,0.8113814285714286,0.8422,0.7632,0.78904,0.8239,0.7145,0.74844,0.7984,0.8225,0.8296242857142857,0.8418,0.8165,0.8211499999999999,0.8265,28.2,28.554285714285715,29.2,4,40.03,40.1625,0.13250000000000028,0.0799999999999983,0.07249999999999801,68.79999999999973,25.36,33.71,17.92,0.716,0.972,0.2847,25.27,0.0,5.56,4
2021-07-26,0.7843,0.8191302631578947,0.8446,0.7907,0.8184302631578947,0.8459,0.7635,0.7948447368421053,0.8244,0.718,0.7556236842105263,0.8002,0.8204,0.8309026315789474,0.8418,0.8165,0.8212999999999999,0.8277,28.2,28.478947368421053,29.0,4,40.135,40.1875,0.05250000000000199,0.10499999999999687,0.02499999999999858,71.79999999999973,22.93,29.09,18.78,0.81,0.961,0.5751,14.51,21.11,3.24,4
2021-07-27,0.7935,0.8191113636363636,0.8421,0.7944,0.8148579545454545,0.8417,0.7646,0.7929056818181818,0.8265,0.7166,0.755203409090909,0.8007,0.8246,0.8316397727272726,0.8421,0.8165,0.8220590909090909,0.8286,27.4,27.704545454545453,28.2,4,40.09,40.215,0.125,-0.0449999999999946,0.02750000000000341,67.80000000000018,23.52,30.04,17.88,0.74,0.946,0.489,27.76,0.0,5.32,4
2021-07-28,0.7927,0.8121333333333333,0.8403,0.7956,0.8105057971014493,0.839,0.7665,0.7889521739130435,0.8281,0.7154,0.7494405797101449,0.8056,0.8216,0.8280492753623188,0.8395,0.8153,0.820631884057971,0.826,27.2,27.492753623188406,28.0,4,40.145,40.260000000000005,0.11500000000000199,0.054999999999999716,0.045000000000001705,67.80000000000018,24.05,29.68,18.32,0.75,0.945,0.5373,27.72,0.0,5.38,4
2021-07-29,0.7922,0.8140065573770492,0.8439,0.7956,0.8137262295081967,0.8414,0.7672,0.7906639344262295,0.823,0.7185,0.7499622950819672,0.7932,0.8207,0.8272836065573771,0.8372,0.8167,0.8212032786885246,0.8263,27.2,27.498360655737706,28.0,4,40.16,40.2825,0.12250000000000227,0.014999999999993463,0.022499999999993747,65.59999999999991,24.68,30.4,19.14,0.723,0.9470000000000001,0.46490000000000004,26.92,0.0,5.34,4
2021-07-30,0.7861,0.8051288135593221,0.8348,0.7939,0.8098271186440679,0.839,0.7653,0.7888033898305085,0.826,0.7128,0.7462322033898305,0.8007,0.8214,0.8281271186440677,0.8411,0.8163,0.8214440677966102,0.8281,27.4,27.96949152542373,28.6,4,40.145,40.3225,0.17749999999999488,-0.014999999999993463,0.03999999999999915,47.59999999999991,27.56,37.7,20.33,0.6456999999999999,0.94,0.27899999999999997,25.82,0.0,6.0,4
2021-07-31,0.7656,0.7817073529411765,0.8064,0.7912,0.8060235294117648,0.8313,0.7677,0.790025,0.8267,0.7185,0.7489911764705882,0.8005,0.8225,0.8303794117647059,0.8437,0.8163,0.8217191176470588,0.8297,28.2,28.46764705882353,29.0,4,40.23,40.345,0.11500000000000199,0.08499999999999375,0.022500000000000853,67.59999999999991,27.19,31.85,19.55,0.5658,0.915,0.1689,26.51,0.0,6.13,4
2021-08-01,0.7537,0.7617948275862069,0.78,0.781,0.7964362068965517,0.8249,0.763,0.7842293103448277,0.8223,0.7156,0.744096551724138,0.7974,0.8195,0.8270689655172414,0.8407,0.8167,0.8225793103448276,0.8297,28.0,28.21034482758621,28.6,4,40.2575,40.3625,0.10499999999999687,0.02750000000000341,0.017499999999998295,43.20000000000027,24.31,28.8,19.31,0.6023,0.831,0.3006,24.31,0.0,5.16,4
2021-08-02,0.7501,0.7888880434782609,0.83,0.778,0.8004380434782609,0.833,0.763,0.7851967391304349,0.8167,0.7142,0.7476815217391304,0.7916,0.8211,0.8288228260869566,0.8402,0.8172,0.8222413043478262,0.8274,27.2,27.471739130434784,28.0,4,40.2725,40.4025,0.13000000000000256,0.015000000000000568,0.04000000000000625,66.19999999999982,23.72,28.96,19.46,0.6808,0.8690000000000001,0.4376,23.03,0.0,4.85,4
2021-08-03,0.7628,0.7988089887640448,0.8391,0.7862,0.8089494382022472,0.8427,0.7667,0.7900674157303371,0.8253,0.7124,0.7501471910112358,0.8,0.8204,0.8278707865168539,0.8402,0.816,0.8209146067415731,0.8272,26.6,27.32359550561798,28.0,4,40.2775,40.425,0.14749999999999375,0.005000000000002558,0.022499999999993747,69.19999999999982,23.71,30.07,17.47,0.6640999999999999,0.927,0.3317,26.61,0.0,5.28,4
2021-08-04,0.775,0.8059253164556962,0.8365,0.7892,0.8120632911392406,0.8385,0.7642,0.7921455696202532,0.8232,0.7145,0.7524227848101266,0.7972,0.8207,0.8292455696202532,0.8407,0.8156,0.8211544303797469,0.8277,27.0,27.37721518987342,28.0,4,40.275,40.4625,0.1875,-0.0025000000000048317,0.03750000000000142,60.40000000000009,26.74,37.09,18.44,0.5484,0.899,0.2045,25.78,0.0,5.98,4
2021-08-05,0.7712,0.7934689189189189,0.8315,0.7907,0.8060418918918919,0.8372,0.7672,0.787772972972973,0.8225,0.7173,0.7459594594594595,0.7946,0.8216,0.8293851351351351,0.843,0.8153,0.8204486486486486,0.8272,27.4,27.862162162162164,28.4,4,40.395,40.5225,0.12749999999999773,0.12000000000000455,0.060000000000002274,69.79999999999973,25.59,32.45,20.26,0.711,0.922,0.469,26.05,0.0,5.42,4
2021-08-06,0.7625,0.7839094117647059,0.8185,0.7894,0.8017494117647059,0.8236,0.7653,0.7867670588235295,0.8216,0.7145,0.7462741176470589,0.7981,0.8235,0.829955294117647,0.8425,0.8151,0.8195541176470588,0.8251,28.0,28.418823529411764,29.2,4,40.41,40.5425,0.13250000000000028,0.014999999999993463,0.01999999999999602,58.000000000000455,26.33,36.42,19.79,0.6886,0.932,0.2527,27.01,0.0,6.39,4
2021-08-07,0.7516,0.77288125,0.8178,0.7869,0.79777875,0.8167,0.7653,0.78611125,0.8213,0.7126,0.74358625,0.7942,0.8225,0.8283875,0.8414,0.8149,0.81788375,0.8235,28.4,28.714999999999996,29.2,4,40.3775,40.605,0.22749999999999915,-0.03249999999999886,0.0625,23.40000000000009,27.77,37.92,19.8,0.6018,0.9470000000000001,0.191,27.07,0.0,6.29,4
2021-08-08,0.7387,0.7477929577464789,0.7694,0.7666,0.7805042253521126,0.8028,0.7485,0.7701197183098591,0.8162,0.6924,0.7231647887323944,0.7867,0.8151,0.8216450704225353,0.8356,0.8116,0.813887323943662,0.8174,28.4,28.63661971830986,29.2,4,40.5025,40.6275,0.125,0.125,0.022500000000000853,7.399999999999636,24.96,29.73,20.8,0.77,0.9540000000000001,0.5621,19.73,0.0,4.4,4
2021-08-09,0.7359,0.772922463768116,0.8239,0.7612,0.785809420289855,0.8224,0.7424,0.7724978260869565,0.8141,0.6892,0.7304115942028986,0.7967,0.8135,0.8250724637681159,0.8409,0.8093,0.8160992753623189,0.8239,28.2,28.344927536231882,28.6,4,40.5025,40.64,0.13750000000000284,0.0,0.012500000000002842,57.80000000000018,24.99,29.58,21.55,0.718,0.92,0.5115,22.34,0.0,4.78,4
2021-08-10,0.7359,0.7596828571428571,0.7889,0.7637,0.7787185714285715,0.7929,0.7367,0.7612,0.7831,0.6791,0.7232628571428571,0.7834,0.8088,0.8214157142857142,0.8363,0.8105,0.81388,0.8195,27.4,27.84285714285714,28.4,4,40.6025,40.6825,0.0799999999999983,0.10000000000000142,0.042499999999996874,21.799999999999727,24.48,29.5,19.25,0.6812999999999999,0.9009999999999999,0.4349,11.86,0.0,2.94,4
2021-08-11,0.739,0.764615625,0.7886,0.7612,0.773496875,0.7815,0.7426,0.77344375,0.807,0.6952,0.743696875,0.7932,0.8172,0.8269984375,0.8421,0.8102,0.8169234375,0.8256,27.4,27.8375,28.2,4,40.57,40.7025,0.13250000000000028,-0.03249999999999886,0.020000000000003126,64.0,26.56,32.84,21.66,0.61,0.809,0.3882,18.89,0.0,4.48,4
2021-08-12,0.7369,0.7741627118644069,0.8218,0.7637,0.7801101694915255,0.8154,0.7367,0.7739254237288136,0.816,0.6781,0.7394779661016949,0.7942,0.8146,0.828564406779661,0.843,0.8149,0.8190686440677966,0.8265,27.6,27.99322033898305,28.4,4,40.5975,40.7375,0.14000000000000057,0.027499999999996305,0.03499999999999659,68.80000000000018,28.25,37.05,22.5,0.5214,0.778,0.2432,16.44,0.0,4.3,4
2021-08-13,0.7357,0.7612706521739131,0.8003,0.7612,0.7748271739130435,0.7894,0.7374,0.7742282608695652,0.8117,0.6767,0.7354478260869565,0.7895,0.8142,0.827354347826087,0.8421,0.8151,0.8189358695652175,0.8265,27.6,28.18913043478261,28.6,4,40.6425,40.775,0.13250000000000028,0.045000000000001705,0.03750000000000142,65.19999999999982,27.4,34.49,20.46,0.5961,0.853,0.33759999999999996,24.62,0.0,5.39,4
2021-08-14,0.7364,0.7856576923076923,0.8342,0.7664,0.7950375,0.838,0.7386,0.778823076923077,0.8223,0.6732,0.7357730769230769,0.7939,0.8146,0.8283567307692308,0.8432,0.8153,0.8195788461538461,0.8265,28.2,28.66153846153846,29.4,4,40.64,40.83,0.18999999999999773,-0.0024999999999977263,0.054999999999999716,66.80000000000018,27.52,37.34,20.56,0.6806,0.924,0.2914,24.3,0.0,5.58,4
2021-08-15,0.7362,0.7906506493506493,0.833,0.7666,0.7994207792207793,0.8355,0.7346,0.781522077922078,0.8199,0.6643,0.7381636363636364,0.7946,0.8132,0.8291376623376624,0.8444,0.8163,0.8202155844155844,0.827,28.4,29.0,29.6,4,40.6275,40.84,0.21250000000000568,-0.012500000000002842,0.010000000000005116,53.19999999999982,29.93,42.65,21.0,0.5475,0.894,0.1434,22.73,0.0,6.4,4
2021-08-16,0.744,0.7935565789473684,0.8305,0.7694,0.7980723684210527,0.8372,0.7421,0.7873605263157895,0.8227,0.6814,0.7492749999999999,0.7984,0.8179,0.8323776315789474,0.8451,0.8167,0.8214513157894737,0.8277,29.0,29.38684210526316,29.6,4,40.735,40.85,0.11500000000000199,0.1075000000000017,0.00999999999999801,68.60000000000036,27.59,33.37,22.99,0.6344,0.8440000000000001,0.3531,21.62,0.0,5.47,4
2021-08-17,0.7405,0.7957126050420168,0.832,0.7679,0.8033336134453781,0.838,0.7461,0.7892075630252101,0.8227,0.6875,0.749720168067227,0.7991,0.8188,0.8322949579831932,0.8453,0.8167,0.8215310924369748,0.8286,28.6,29.1327731092437,29.6,4,40.7725,40.905,0.13250000000000028,0.03750000000000142,0.054999999999999716,72.00000000000091,25.49,29.53,23.15,0.7120000000000001,0.8690000000000001,0.5328,18.59,0.0,4.25,4
2021-08-18,0.7405,0.7971316666666667,0.8335,0.7659,0.8034741666666666,0.8382,0.7428,0.78701,0.8232,0.6802,0.7464883333333333,0.8045,0.8165,0.8306566666666666,0.8449,0.816,0.8206025,0.8281,28.2,28.490000000000002,29.0,4,40.7975,40.9475,0.14999999999999858,0.02499999999999858,0.042499999999996874,71.19999999999982,24.79,30.13,20.84,0.716,0.882,0.5054,18.27,0.0,4.01,4
2021-08-19,0.7466,0.7905635416666666,0.8332,0.7684,0.7945520833333334,0.836,0.7449,0.7797114583333333,0.823,0.6838,0.7374010416666666,0.8045,0.8179,0.8286697916666667,0.8437,0.8156,0.8192395833333334,0.8265,28.0,28.34375,28.6,4,40.855,40.995000000000005,0.14000000000000767,0.05749999999999744,0.04750000000000654,63.600000000000364,24.44,29.64,19.87,0.7290000000000001,0.904,0.5091,18.91,0.0,3.97,4
2021-08-20,0.7369,0.7792109375,0.8178,0.7657,0.79049609375,0.8196,0.7419,0.77963203125,0.8185,0.6735,0.737303125,0.7988,0.8156,0.82910859375,0.8442,0.8153,0.81941875,0.8265,28.0,28.228125,28.6,4,40.875,41.0475,0.17249999999999943,0.020000000000003126,0.052499999999994884,57.80000000000018,24.86,30.62,19.84,0.7240000000000001,0.9309999999999999,0.465,24.66,0.0,4.89,4
2021-08-21,0.7266,0.760430985915493,0.7945,0.7607,0.7841943661971831,0.8087,0.7435,0.7833197183098591,0.815,0.6744,0.7415647887323944,0.792,0.8151,0.8300253521126761,0.8435,0.8151,0.8198929577464789,0.8265,27.6,28.33239436619718,28.6,4,40.9025,41.08,0.17749999999999488,0.02750000000000341,0.03249999999999886,55.80000000000018,25.12,31.3,18.59,0.7140000000000001,0.927,0.3578,23.64,0.0,4.84,4
2021-08-22,0.7245,0.7781222222222222,0.8305,0.7604,0.7907435185185185,0.8362,0.7402,0.7803222222222223,0.8199,0.6652,0.7337333333333333,0.7958,0.8123,0.8273018518518519,0.8435,0.8146,0.8182472222222222,0.8263,28.0,28.174074074074074,28.6,4,40.8875,41.11,0.2224999999999966,-0.015000000000000568,0.030000000000001137,46.80000000000018,25.68,33.84,19.19,0.5911,0.92,0.2458,18.51,0.0,4.59,4
2021-08-23,0.7352,0.7965285714285714,0.8353,0.7607,0.80122,0.8367,0.7407,0.7862014285714286,0.8211,0.669,0.7400300000000001,0.7953,0.8109,0.8266728571428571,0.8407,0.8128,0.81655,0.8218,27.4,27.88285714285714,28.2,4,40.9525,41.125,0.17249999999999943,0.06499999999999773,0.015000000000000568,53.600000000000364,25.35,32.03,20.56,0.5398,0.8540000000000001,0.27449999999999997,18.45,0.0,4.71,4
2021-08-24,0.757,0.7871413793103449,0.8368,0.7714,0.7888275862068965,0.8382,0.7552,0.7755241379310346,0.8213,0.6999,0.7343954022988506,0.7953,0.8198,0.8272402298850574,0.8414,0.8116,0.8168770114942528,0.8225,27.4,27.77701149425287,28.2,4,41.0425,41.2,0.15750000000000597,0.0899999999999963,0.07500000000000284,70.39999999999964,24.54,29.04,21.06,0.7120000000000001,0.895,0.46740000000000004,15.86,0.0,3.68,4
2021-08-25,0.7248,0.7425204819277108,0.7658,0.7471,0.7585132530120482,0.7708,0.7297,0.7476024096385543,0.7663,0.6817,0.7201650602409638,0.766,0.817,0.824444578313253,0.8353,0.8118,0.8155421686746988,0.8195,27.4,27.76626506024096,28.0,4,41.065,41.2375,0.17249999999999943,0.022500000000000853,0.037499999999994316,69.60000000000036,25.11,30.98,20.14,0.6553,0.868,0.4291,23.5,0.0,4.76,4
2021-08-26,0.7129,0.7248708333333334,0.7415,0.731,0.7386841666666667,0.7473,0.7114,0.7231683333333333,0.732,0.6826,0.7188916666666666,0.7473,0.8172,0.8252741666666666,0.8339,0.8118,0.816015,0.8204,27.4,27.756666666666668,28.2,4,41.2,41.385,0.18499999999999517,0.13500000000000512,0.14750000000000085,68.19999999999982,25.05,32.5,18.87,0.6639,0.909,0.33020000000000005,24.31,0.0,4.97,4
2021-08-27,0.7015,0.7132041666666668,0.7314,0.7208,0.7262444444444445,0.7314,0.6997,0.7096888888888889,0.7161,0.6798,0.7257986111111111,0.7613,0.8172,0.8272305555555556,0.8379,0.8125,0.816711111111111,0.8214,27.4,27.833333333333332,28.4,4,41.15,41.370000000000005,0.22000000000000597,-0.05000000000000426,-0.014999999999993463,73.60000000000036,26.96,37.22,18.32,0.5546,0.9059999999999999,0.20739999999999997,24.59,0.0,5.29,4
2021-08-28,0.703,0.7387177419354839,0.7996,0.7206,0.7375677419354838,0.7837,0.6995,0.7073177419354838,0.7245,0.6931,0.7321500000000001,0.7719,0.8207,0.8289532258064516,0.8409,0.813,0.8171693548387097,0.8228,27.6,28.08709677419355,28.4,4,41.2625,41.3975,0.134999999999998,0.11250000000000426,0.027499999999996305,65.0,26.04,34.16,19.76,0.6185,0.9229999999999999,0.25079999999999997,23.64,0.0,5.28,4
2021-08-29,0.6989,0.7423000000000001,0.8016,0.7213,0.7355297872340425,0.778,0.7004,0.7101723404255318,0.7227,0.6892,0.7277393617021276,0.7616,0.8204,0.8281202127659575,0.8379,0.8132,0.8171159574468084,0.8218,27.6,28.206382978723404,28.4,4,41.2675,41.45,0.18250000000000455,0.0049999999999954525,0.05250000000000199,72.80000000000018,25.59,32.59,20.62,0.726,0.934,0.43270000000000003,20.93,0.0,4.43,4
2021-08-30,0.7081,0.7507679611650485,0.7975,0.729,0.7459495145631069,0.7869,0.699,0.7023766990291263,0.7039,0.6889,0.7240592233009709,0.7529,0.8209,0.8278669902912622,0.8374,0.8128,0.8167359223300971,0.8216,28.0,28.297087378640775,28.6,4,41.3275,41.52,0.19250000000000256,0.060000000000002274,0.07000000000000028,71.39999999999964,25.31,31.4,21.08,0.738,0.94,0.4836,21.36,0.0,4.41,4
2021-08-31,0.7091,0.7686744360902256,0.8289,0.7258,0.7747827067669173,0.8303,0.7013,0.750854887218045,0.816,0.7187,0.7410909774436091,0.7935,0.8242,0.8316714285714286,0.8409,0.8132,0.8186947368421053,0.8246,28.0,28.242105263157892,28.6,4,41.395,41.55,0.15499999999999403,0.06750000000000256,0.02999999999999403,105.40000000000055,24.8,29.66,21.21,0.6953,0.872,0.5236999999999999,18.23,0.0,4.01,4
2021-09-01,0.7618,0.7865217948717949,0.8274,0.7676,0.7881435897435898,0.8283,0.7557,0.7772089743589744,0.8157,0.7276,0.7540435897435896,0.7927,0.827,0.831825641025641,0.8416,0.8149,0.8173346153846154,0.8221,27.0,27.63846153846154,28.2,4,41.495000000000005,41.6025,0.1074999999999946,0.10000000000000142,0.05250000000000199,61.600000000000364,24.2,28.85,20.58,0.713,0.871,0.5254,8.4,0.41,2.59,4
2021-09-02,0.7714,0.8051865979381443,0.8383,0.7741,0.7999628865979381,0.8385,0.7576,0.786739175257732,0.8211,0.718,0.7532752577319588,0.8045,0.827,0.8331154639175258,0.8432,0.8128,0.8167,0.8211,26.0,26.7340206185567,27.2,4,41.545,41.6675,0.12249999999999517,0.04999999999999716,0.06499999999999773,56.399999999999636,23.4,29.56,18.44,0.77,0.9490000000000001,0.5274,19.71,2.84,3.92,4
2021-09-03,0.7494,0.7849579365079365,0.8419,0.7629,0.78345,0.8427,0.7459,0.7701579365079365,0.8242,0.6992,0.7307087301587302,0.8005,0.8232,0.8288674603174603,0.8423,0.8132,0.8156603174603175,0.8214,26.2,26.839682539682542,27.2,4,41.515,41.6975,0.18249999999999744,-0.030000000000001137,0.030000000000001137,39.0,24.98,31.05,19.91,0.73,0.9359999999999999,0.4354,22.51,0.0,4.4,4
2021-09-04,0.7423,0.7724336538461538,0.8338,0.7572,0.7791576923076923,0.8345,0.7407,0.7635625,0.8178,0.6992,0.7206346153846154,0.7918,0.8193,0.8247538461538462,0.8372,0.8111,0.8134605769230769,0.8167,26.2,26.715384615384615,27.2,4,41.58,41.725,0.14500000000000313,0.06499999999999773,0.02750000000000341,29.400000000000546,24.06,30.61,19.09,0.746,0.929,0.47479999999999994,23.08,0.0,4.47,4
2021-09-05,0.7004,0.7187048076923077,0.7428,0.7272,0.7418990384615385,0.7604,0.7032,0.7219596153846154,0.7442,0.6439,0.6692538461538462,0.6997,0.8,0.8091153846153846,0.8193,0.807,0.8089326923076924,0.8118,26.2,26.573076923076922,27.0,4,41.6,41.745,0.14499999999999602,0.020000000000003126,0.01999999999999602,0.0,23.86,30.55,18.16,0.723,0.9109999999999999,0.4362,21.83,0.0,4.27,4
2021-09-06,0.6967,0.7348967391304349,0.8284,0.7136,0.7392413043478261,0.8276,0.6845,0.7123532608695653,0.8035,0.6427,0.6588489130434783,0.7192,0.8023,0.8074369565217391,0.8239,0.8053,0.8084652173913043,0.8172,26.2,26.539130434782606,27.0,4,41.59,41.765,0.17499999999999716,-0.00999999999999801,0.020000000000003126,68.19999999999982,24.21,31.69,18.02,0.6651,0.9259999999999999,0.2872,18.08,0.0,3.9,4
2021-09-07,0.6969,0.7328326086956521,0.7874,0.7285,0.7545152173913044,0.7879,0.7072,0.7376032608695652,0.7745,0.6491,0.6831934782608695,0.7189,0.7972,0.8087608695652174,0.8223,0.8053,0.8083684782608695,0.8132,26.2,26.558695652173913,27.0,4,41.635,41.805,0.1700000000000017,0.0449999999999946,0.03999999999999915,0.0,24.56,31.69,18.56,0.5816,0.7390000000000001,0.3962,20.43,0.0,4.45,4
2021-09-08,0.6888,0.7019191919191918,0.7446,0.7082,0.7158313131313131,0.7282,0.6791,0.6911828282828283,0.7072,0.6275,0.6514555555555556,0.6683,0.7846,0.8004525252525252,0.8088,0.8021,0.8066444444444444,0.8128,26.0,26.52121212121212,27.0,4,41.6625,41.83,0.16749999999999687,0.02750000000000341,0.02499999999999858,30.0,25.11,34.94,17.76,0.6212,0.9179999999999999,0.2865,21.89,0.0,4.55,4
2021-09-09,0.6827,0.6915461538461538,0.7073,0.7032,0.7058341880341881,0.7092,0.6767,0.6794478632478633,0.6817,0.661,0.6797282051282051,0.7283,0.807,0.8141418803418803,0.8311,0.8056,0.8102307692307692,0.8167,26.4,26.7025641025641,27.2,4,41.675,41.8775,0.20250000000000057,0.012499999999995737,0.04749999999999943,40.600000000000364,25.91,32.8,21.04,0.5029,0.904,0.2634,20.42,0.0,5.12,4
2021-09-10,0.6792,0.6895510869565217,0.7195,0.702,0.7064065217391304,0.7151,0.6777,0.6804717391304348,0.6835,0.6514,0.6693510869565218,0.7121,0.8072,0.8123304347826086,0.8246,0.8056,0.8094195652173913,0.8151,26.4,26.76086956521739,27.2,4,41.7175,41.9125,0.19500000000000028,0.04250000000000398,0.035000000000003695,40.599999999999454,26.38,34.26,20.44,0.4836,0.7979999999999999,0.2198,22.98,0.0,5.29,4
2021-09-11,0.6797,0.6877630630630631,0.7118,0.7035,0.7077567567567569,0.7235,0.6779,0.6798828828828829,0.6824,0.6521,0.6614486486486486,0.6845,0.8067,0.8110495495495496,0.8193,0.8053,0.8095801801801802,0.8139,26.4,26.792792792792792,27.2,4,41.8125,41.95,0.13750000000000284,0.09499999999999886,0.03750000000000142,39.600000000000364,24.24,31.81,17.92,0.6543000000000001,0.852,0.39880000000000004,20.53,0.0,4.2,4
2021-09-12,0.6792,0.6910168831168831,0.7433,0.7032,0.7118753246753247,0.7401,0.6788,0.6859428571428571,0.7126,0.651,0.6631935064935065,0.7039,0.807,0.8105155844155845,0.8207,0.8053,0.8084610389610389,0.8139,26.2,26.709090909090907,27.0,4,41.8275,41.9825,0.15500000000000114,0.015000000000000568,0.03249999999999886,40.0,23.89,31.29,17.2,0.6487,0.898,0.3197,21.83,0.0,4.32,4
2021-09-13,0.6817,0.6901675324675325,0.7035,0.7074,0.7168987012987013,0.7357,0.6877,0.7045675324675325,0.7344,0.6631,0.7004012987012987,0.7407,0.8079,0.8178597402597403,0.8309,0.8053,0.8099298701298702,0.8156,26.0,26.197402597402597,27.0,4,41.955,42.0325,0.07750000000000057,0.12749999999999773,0.04999999999999716,40.19999999999982,22.46,26.76,18.93,0.731,0.9309999999999999,0.5047,7.18,0.41,1.95,4
2021-09-14,0.687,0.6886833333333333,0.6906,0.7057,0.7098833333333333,0.7146,0.6899,0.6972075757575757,0.7046,0.6957,0.7056545454545454,0.7335,0.8137,0.8182833333333334,0.8272,0.8053,0.8089560606060606,0.8142,25.4,25.7969696969697,26.0,4,41.905,42.08,0.17499999999999716,-0.04999999999999716,0.04749999999999943,41.0,23.62,30.51,19.32,0.715,0.9420000000000001,0.2857,9.9,0.0,2.75,4
2021-09-15,0.6837,0.6873193181818181,0.6918,0.705,0.7058920454545455,0.7072,0.6828,0.6873409090909092,0.6906,0.6819,0.6998681818181818,0.7316,0.8137,0.8190454545454545,0.8293,0.8051,0.8096215909090909,0.8146,25.4,25.829545454545453,26.4,4,41.93,42.16,0.22999999999999687,0.02499999999999858,0.0799999999999983,40.0,24.09,32.48,18.67,0.6762999999999999,0.937,0.27899999999999997,19.73,0.0,3.99,4
2021-09-16,0.6794,0.6841833333333334,0.688,0.7027,0.70465,0.7062,0.6821,0.6834904761904762,0.6847,0.6753,0.6933714285714286,0.7238,0.8121,0.8181345238095238,0.8274,0.8049,0.8096476190476191,0.8144,25.6,25.995238095238093,26.4,4,42.0,42.1725,0.17249999999999943,0.07000000000000028,0.012500000000002842,40.19999999999982,23.42,30.43,17.35,0.6665000000000001,0.871,0.3569,18.48,0.0,3.81,4
2021-09-17,0.6792,0.6831273504273504,0.6878,0.703,0.7049401709401709,0.706,0.6795,0.681940170940171,0.6845,0.6737,0.6847888888888889,0.7114,0.8116,0.8160290598290598,0.8244,0.8046,0.8087000000000001,0.813,25.6,26.13504273504273,26.4,4,42.0375,42.215,0.177500000000002,0.03750000000000142,0.04250000000000398,38.0,23.42,29.99,17.96,0.706,0.924,0.3791,19.14,0.0,3.69,4
2021-09-18,0.6774,0.6808475806451613,0.6853,0.702,0.7040427419354839,0.7057,0.6795,0.6808870967741935,0.6819,0.6709,0.6908443548387097,0.7299,0.8114,0.8183927419354838,0.8314,0.8042,0.8093774193548386,0.8158,25.6,26.141935483870967,26.4,4,42.085,42.2425,0.15749999999999886,0.04749999999999943,0.027499999999996305,40.0,23.8,31.44,17.59,0.6949,0.922,0.30329999999999996,20.43,0.0,3.92,4
2021-09-19,0.6751,0.6773536842105263,0.682,0.7015,0.7031031578947368,0.7047,0.68,0.681401052631579,0.6824,0.6793,0.6887526315789474,0.7245,0.813,0.8169357894736843,0.8286,0.8046,0.8080905263157896,0.8149,25.6,26.17263157894737,26.4,4,42.1375,42.285,0.14749999999999375,0.05250000000000199,0.042499999999996874,30.800000000000182,22.44,27.64,17.8,0.6927,0.941,0.44420000000000004,19.3,0.0,3.61,4
2021-09-20,0.6726,0.6761173469387756,0.6799,0.6992,0.7008938775510204,0.7025,0.6793,0.6807204081632653,0.6821,0.677,0.6932316326530612,0.7278,0.8118,0.8178479591836735,0.8297,0.8042,0.808395918367347,0.8146,25.2,25.453061224489797,26.0,4,42.1375,42.2875,0.14999999999999858,0.0,0.0025000000000048317,38.400000000000546,21.99,27.81,17.35,0.6826000000000001,0.863,0.4436,15.94,0.0,3.17,4
2021-09-21,0.6746,0.7376206521739129,0.801,0.701,0.7651315217391305,0.8313,0.6821,0.7456336956521739,0.8061,0.6859,0.7273347826086957,0.7824,0.8118,0.8197239130434781,0.8314,0.803,0.8076663043478262,0.8137,24.6,24.95434782608696,25.4,4,42.2525,42.37,0.11749999999999972,0.11499999999999488,0.08249999999999602,38.79999999999927,19.98,25.31,15.46,0.7290000000000001,0.9420000000000001,0.4375,16.01,8.32,2.97,4
2021-09-22,0.6893,0.7031528571428571,0.7187,0.727,0.7429085714285714,0.7604,0.7145,0.7303642857142858,0.7473,0.7133,0.72726,0.755,0.8146,0.8203971428571428,0.8318,0.803,0.8073757142857143,0.8139,24.0,24.29142857142857,24.6,4,42.2475,42.3525,0.10499999999999687,-0.0049999999999954525,-0.017499999999998295,39.80000000000018,21.19,26.39,14.62,0.6254,0.863,0.42719999999999997,15.05,0.0,3.04,4
2021-09-23,0.6822,0.6867800000000001,0.6906,0.7082,0.7172646153846154,0.727,0.6917,0.7040753846153845,0.7145,0.7011,0.7141169230769231,0.747,0.8139,0.8195861538461539,0.8328,0.803,0.8073569230769231,0.8144,24.0,24.25846153846154,24.6,4,42.225,42.3925,0.16749999999999687,-0.022500000000000853,0.03999999999999915,40.19999999999982,23.09,28.36,16.74,0.6408,0.8640000000000001,0.43770000000000003,18.32,0.0,3.58,4
2021-09-24,0.6802,0.682578,0.6847,0.7064,0.707692,0.7089,0.6852,0.689624,0.6929,0.6938,0.70475,0.7349,0.8123,0.817844,0.8284,0.8025,0.806522,0.8125,24.6,24.728,25.2,4,42.31,42.44,0.12999999999999545,0.08500000000000085,0.04749999999999943,40.400000000000546,24.01,29.38,20.9,0.703,0.855,0.4611,16.17,0.0,3.31,4
2021-09-25,0.6814,0.7106333333333333,0.7519,0.7072,0.7280535714285714,0.7473,0.6875,0.7070916666666667,0.733,0.6945,0.7147202380952381,0.7435,0.8132,0.8199666666666667,0.8284,0.8025,0.8075678571428572,0.8118,25.0,25.219047619047622,25.6,4,42.3575,42.5375,0.17999999999999972,0.04749999999999943,0.0975000000000037,40.399999999999636,23.85,29.92,20.68,0.8059999999999999,0.963,0.507,16.48,0.61,3.2,4
2021-09-26,0.6896,0.7029461538461538,0.7481,0.7181,0.7295358974358974,0.7572,0.7013,0.7115128205128205,0.7536,0.6999,0.7124435897435898,0.7463,0.8135,0.8184478632478632,0.8286,0.8028,0.8071136752136752,0.8125,25.2,25.370940170940173,25.6,4,42.3375,42.52,0.18250000000000455,-0.020000000000003126,-0.017499999999998295,38.19999999999982,22.93,31.02,15.02,0.5922999999999999,0.894,0.2586,19.97,0.0,3.66,4
2021-09-27,0.6842,0.719377205882353,0.7595,0.7164,0.7412661764705882,0.7738,0.6995,0.730289705882353,0.7707,0.6941,0.7288154411764706,0.7782,0.8121,0.8233426470588235,0.8367,0.8023,0.8098757352941177,0.8181,24.4,25.008823529411764,25.4,4,42.395,42.55,0.15499999999999403,0.05750000000000455,0.02999999999999403,107.0,22.57,32.13,15.69,0.5877,0.884,0.2416,19.37,0.0,3.67,4
2021-09-28,0.7126,0.7534977611940299,0.796,0.7448,0.7741253731343284,0.8132,0.7402,0.7657305970149254,0.8085,0.7243,0.7512037313432836,0.7942,0.8237,0.8308828358208955,0.8418,0.8088,0.8140119402985075,0.82,24.0,24.61044776119403,25.2,4,42.465,42.57,0.10499999999999687,0.07000000000000028,0.020000000000003126,87.20000000000073,20.84,28.37,14.04,0.6829000000000001,0.899,0.39759999999999995,19.35,0.0,3.3,4
2021-09-29,0.7268,0.7591309523809523,0.7917,0.755,0.775686507936508,0.8035,0.7433,0.7669896825396825,0.7981,0.7119,0.7363484126984127,0.7721,0.8218,0.8262809523809524,0.8337,0.8095,0.8132333333333334,0.8172,24.0,24.288888888888888,24.6,4,42.485,42.6225,0.13750000000000284,0.01999999999999602,0.05250000000000199,70.39999999999964,21.48,28.69,15.2,0.722,0.9259999999999999,0.39,19.11,0.0,3.46,4
2021-09-30,0.7139,0.7461477611940298,0.7886,0.7481,0.7656201492537313,0.8001,0.7386,0.7567156716417911,0.7963,0.7067,0.7255305970149254,0.7672,0.8184,0.8226559701492537,0.8314,0.8088,0.8113723880597015,0.8156,24.2,24.382089552238806,24.6,4,42.5125,42.66,0.14749999999999375,0.02750000000000341,0.037499999999994316,33.20000000000073,22.14,27.51,17.78,0.7390000000000001,0.897,0.4893,16.48,0.0,2.98,4
2021-10-01,0.6997,0.7162955555555556,0.7635,0.7369,0.7469755555555556,0.7721,0.7297,0.7397866666666667,0.7756,0.6962,0.705485925925926,0.7269,0.8149,0.8174244444444444,0.823,0.8063,0.8084881481481482,0.8123,24.2,24.43111111111111,24.6,4,42.55,42.7075,0.15750000000000597,0.037499999999994316,0.04750000000000654,34.0,21.57,28.12,16.2,0.7609999999999999,0.9390000000000001,0.4391,17.52,0.0,3.04,4
2021-10-02,0.6865,0.6941038167938931,0.701,0.7134,0.7254038167938931,0.7367,0.7091,0.7201679389312977,0.7297,0.6934,0.6996709923664123,0.7217,0.8128,0.816275572519084,0.8232,0.8046,0.8072908396946564,0.8114,24.2,24.37251908396947,24.6,4,42.6325,42.76,0.12749999999999773,0.08250000000000313,0.052499999999994884,34.0,20.83,27.94,16.14,0.7929999999999999,0.9390000000000001,0.5159,13.9,0.0,2.59,4
2021-10-03,0.6832,0.715043795620438,0.7836,0.7104,0.740248905109489,0.8011,0.7072,0.733336496350365,0.7986,0.6917,0.7094452554744526,0.774,0.8125,0.8166970802919709,0.8291,0.8035,0.8062919708029197,0.8109,23.6,24.043795620437955,24.4,4,42.615,42.785,0.1699999999999946,-0.017499999999998295,0.02499999999999858,31.0,20.97,29.35,14.84,0.6977,0.951,0.3019,18.31,4.87,3.65,4
2021-10-04,0.6845,0.6979956521739131,0.7288,0.7079,0.7226369565217391,0.7367,0.699,0.7150557971014493,0.7285,0.6779,0.692272463768116,0.7042,0.8114,0.8139442028985506,0.8198,0.8021,0.8048420289855073,0.8088,22.6,23.308695652173913,24.2,4,42.64,42.79,0.14999999999999858,0.02499999999999858,0.005000000000002558,33.19999999999982,17.52,23.1,12.28,0.527,0.96,0.2698,18.43,0.0,3.41,4
2021-10-05,0.6779,0.7059433823529412,0.7618,0.704,0.7209,0.7555,0.6828,0.6915602941176471,0.6992,0.6669,0.6754132352941177,0.687,0.8084,0.8108948529411765,0.816,0.8009,0.803214705882353,0.8065,21.2,21.72205882352941,22.6,4,42.65,42.7725,0.12250000000000227,0.00999999999999801,-0.017499999999998295,27.399999999999636,19.27,27.93,10.16,0.5128,0.755,0.263,18.99,0.0,3.78,4
2021-10-06,0.685,0.7101933333333333,0.7788,0.7107,0.7372437037037037,0.8021,0.6838,0.7188681481481481,0.7988,0.6643,0.6947259259259259,0.7459,0.8058,0.8090999999999999,0.8132,0.7991,0.8007244444444445,0.8032,21.4,21.868148148148148,22.4,4,42.71,42.807500000000005,0.0975000000000037,0.060000000000002274,0.035000000000003695,27.0,20.4,26.0,14.55,0.6698000000000001,0.841,0.4875,16.94,0.0,2.94,4
2021-10-07,0.6934,0.7131572463768115,0.7712,0.7342,0.7436572463768116,0.779,0.7194,0.7290920289855073,0.7531,0.6976,0.7048202898550724,0.7201,0.8074,0.8112,0.8172,0.7977,0.8002166666666667,0.8037,22.4,22.579710144927535,23.0,4,42.735,42.8625,0.12749999999999773,0.02499999999999858,0.05499999999999261,26.199999999999818,20.66,26.34,16.31,0.72,0.899,0.4718,12.41,0.0,2.27,4
2021-10-08,0.6916,0.7224398550724638,0.7935,0.728,0.7499826086956523,0.81,0.7168,0.7396963768115943,0.8063,0.695,0.7127152173913043,0.7977,0.8088,0.8150072463768117,0.8379,0.7975,0.8009072463768115,0.8056,22.0,22.585507246376814,23.0,4,42.78,42.9025,0.12250000000000227,0.045000000000001705,0.04000000000000625,27.0,19.97,25.44,16.07,0.7659999999999999,0.922,0.5335,15.1,0.0,2.47,4
2021-10-09,0.7037,0.7257948905109488,0.7864,0.7404,0.7528416058394161,0.7971,0.7323,0.7445824817518248,0.7949,0.6995,0.708943795620438,0.7534,0.8088,0.8120503649635037,0.8186,0.7977,0.8006729927007299,0.8039,22.4,22.67007299270073,23.0,4,42.77,42.92,0.14999999999999858,-0.00999999999999801,0.017499999999998295,27.400000000000546,19.75,26.25,15.55,0.725,0.8909999999999999,0.4703,16.18,0.0,2.73,4
2021-10-10,0.7004,0.7199434782608696,0.7732,0.7396,0.7505536231884058,0.7966,0.7316,0.7419637681159421,0.7841,0.6887,0.6979514492753623,0.7138,0.8077,0.8103420289855073,0.8151,0.7979,0.8004985507246377,0.8037,22.2,22.592753623188408,23.0,4,42.805,42.932500000000005,0.12750000000000483,0.03499999999999659,0.012500000000002842,27.399999999999636,19.36,25.6,14.42,0.71,0.885,0.4625,18.33,0.0,2.82,4
2021-10-11,0.6832,0.6973401459854015,0.7291,0.7129,0.7275598540145986,0.7404,0.7044,0.7183437956204379,0.7318,0.6819,0.6891525547445255,0.7081,0.8063,0.8099518248175182,0.8172,0.7977,0.8008744525547445,0.8051,22.2,22.37226277372263,22.6,4,42.815,42.96,0.14500000000000313,0.00999999999999801,0.027499999999996305,29.199999999999818,19.25,24.15,15.02,0.7240000000000001,0.8809999999999999,0.5143,14.34,0.0,2.54,4
2021-10-12,0.6789,0.7015279411764705,0.7638,0.7082,0.7168566176470589,0.7446,0.6831,0.6949066176470589,0.7044,0.6685,0.6776176470588235,0.6873,0.8058,0.8084301470588235,0.8137,0.7977,0.8004433823529411,0.8039,22.0,22.182352941176468,22.4,4,42.84,42.975,0.134999999999998,0.025000000000005684,0.015000000000000568,28.0,18.42,24.58,14.2,0.6993,0.877,0.3579,15.49,0.0,2.49,4
2021-10-13,0.6779,0.6963426470588235,0.7529,0.6995,0.7051705882352941,0.7151,0.6732,0.6790639705882353,0.6835,0.6667,0.6754507352941177,0.6936,0.8049,0.8085367647058823,0.8151,0.7972,0.8001389705882352,0.8044,21.4,21.748529411764707,22.2,4,42.8675,42.9925,0.125,0.027499999999996305,0.017499999999998295,26.400000000000546,17.4,24.47,11.81,0.748,0.929,0.5019,16.02,0.0,2.39,4
2021-10-14,0.6764,0.7051022727272727,0.7727,0.6963,0.7206893939393939,0.7714,0.6744,0.6785628787878788,0.6901,0.6713,0.6823681818181818,0.7053,0.8051,0.8094924242424242,0.8174,0.7963,0.7995287878787879,0.8037,21.2,21.525757575757577,22.0,4,42.8775,43.015,0.13750000000000284,0.00999999999999801,0.022500000000000853,27.399999999999636,17.73,24.66,12.77,0.748,0.938,0.4219,16.88,0.0,2.48,4
2021-10-15,0.6817,0.7336201923076923,0.7919,0.7111,0.7490278846153846,0.8013,0.6798,0.7301923076923077,0.796,0.6784,0.7088326923076923,0.7759,0.806,0.8134990384615384,0.826,0.7958,0.8001740384615383,0.806,21.0,21.286538461538463,21.6,4,42.92,43.0425,0.12249999999999517,0.04250000000000398,0.027499999999996305,41.80000000000018,17.62,25.04,12.3,0.762,0.937,0.4152,14.63,0.0,2.34,4
2021-10-16,0.7232,0.7458848484848485,0.7886,0.7471,0.7599212121212122,0.8001,0.7379,0.7522161616161616,0.8,0.7044,0.7214717171717172,0.7808,0.8135,0.8181050505050506,0.8328,0.7986,0.8019414141414142,0.8067,20.4,21.086868686868687,21.4,4,42.9225,43.0525,0.13000000000000256,0.0024999999999977263,0.010000000000005116,27.0,18.66,25.96,12.13,0.703,0.903,0.41479999999999995,14.24,0.0,2.34,4
2021-10-17,0.7157,0.7399555555555556,0.7904,0.7433,0.7579644444444446,0.8053,0.7342,0.7490622222222222,0.801,0.7006,0.7140922222222221,0.7787,0.81,0.8149188888888889,0.8307,0.7975,0.800441111111111,0.8046,21.2,21.43111111111111,22.0,4,42.96,43.095,0.134999999999998,0.03750000000000142,0.042499999999996874,27.800000000000182,19.36,25.87,15.16,0.799,0.937,0.4852,11.22,0.0,2.04,4
2021-10-18,0.7169,0.7443433734939758,0.7967,0.7451,0.7608253012048193,0.809,0.7365,0.7530120481927711,0.8042,0.7013,0.7176192771084338,0.7871,0.8086,0.8146566265060241,0.8346,0.7975,0.801156626506024,0.8065,21.2,21.49397590361446,22.0,4,42.98,43.1175,0.13750000000000284,0.01999999999999602,0.022500000000000853,24.399999999999636,18.46,24.8,13.18,0.79,0.953,0.45549999999999996,14.51,0.0,2.22,4
2021-10-19,0.7195,0.7388855555555556,0.7922,0.7446,0.7553788888888888,0.8055,0.7356,0.7469988888888889,0.8019,0.6981,0.7095855555555555,0.778,0.8063,0.8112344444444445,0.8267,0.7975,0.8007788888888888,0.8051,21.2,21.477777777777778,21.6,4,42.99,43.1375,0.14750000000000085,0.010000000000005116,0.020000000000003126,26.400000000000546,18.49,24.34,14.27,0.762,0.9470000000000001,0.4636,15.44,0.0,2.35,5
2021-10-20,0.7131,0.753536507936508,0.7975,0.7386,0.7647460317460317,0.8045,0.729,0.7570746031746032,0.8031,0.6936,0.7215650793650793,0.7792,0.8044,0.8127428571428571,0.8251,0.7972,0.8014285714285715,0.8074,21.0,21.26984126984127,21.6,4,43.0175,43.145,0.12750000000000483,0.027499999999996305,0.007500000000000284,49.0,17.7,25.84,11.98,0.75,0.94,0.3657,16.23,0.0,2.33,5
2021-10-21,0.7428,0.76782734375,0.8026,0.75,0.77063359375,0.8075,0.741,0.76280703125,0.8012,0.707,0.728146875,0.7763,0.8074,0.81478046875,0.8253,0.7998,0.80428046875,0.8105,20.4,21.0890625,21.4,4,42.995000000000005,43.1625,0.16749999999999687,-0.022499999999993747,0.017499999999998295,48.0,20.59,29.64,13.93,0.6409999999999999,0.857,0.3292,15.1,0.0,2.74,5
2021-10-22,0.7483,0.7728728155339807,0.8099,0.7515,0.7715708737864078,0.8154,0.7426,0.7617271844660194,0.8045,0.707,0.7232058252427185,0.7656,0.8088,0.813311650485437,0.8235,0.8016,0.804183495145631,0.8084,21.2,21.355339805825242,21.6,4,43.125,43.22,0.09499999999999886,0.12999999999999545,0.05749999999999744,26.600000000000364,16.12,18.77,12.7,0.887,0.96,0.769,3.27,11.17,0.93,5
2021-10-23,0.7509,0.7678436363636364,0.8193,0.7523,0.7661654545454545,0.8186,0.7414,0.7568772727272728,0.807,0.7023,0.7208409090909091,0.792,0.8058,0.8113754545454546,0.8284,0.8,0.8029745454545455,0.8091,19.2,20.263636363636362,21.2,4,43.06,43.215,0.15500000000000114,-0.06499999999999773,-0.0049999999999954525,19.399999999999636,15.99,22.84,11.68,0.795,0.9390000000000001,0.47840000000000005,12.06,0.2,1.79,5
2021-10-24,0.7443,0.7595413793103449,0.8094,0.7476,0.7592431034482758,0.8095,0.737,0.748944827586207,0.801,0.6981,0.7085887931034484,0.7756,0.803,0.8062137931034482,0.8198,0.7979,0.7995913793103449,0.8025,19.4,19.99827586206897,20.4,4,43.06,43.1925,0.13250000000000028,0.0,-0.022500000000000853,21.199999999999818,15.75,23.35,10.24,0.809,0.9740000000000001,0.331,15.71,0.0,2.18,5
2021-10-25,0.7425,0.7586467153284672,0.8099,0.7458,0.7591408759124088,0.8147,0.7353,0.7478569343065694,0.8007,0.696,0.7091423357664234,0.7824,0.8007,0.8048416058394161,0.8216,0.796,0.798358394160584,0.8028,18.6,19.581021897810217,20.2,4,43.065,43.195,0.13000000000000256,0.0049999999999954525,0.0024999999999977263,23.0,15.5,23.25,10.17,0.797,0.973,0.38670000000000004,15.01,0.2,2.07,5
2021-10-26,0.7433,0.7622220588235294,0.8033,0.7453,0.7601139705882353,0.808,0.7344,0.7497735294117647,0.7986,0.696,0.7109286764705882,0.7731,0.7993,0.8038860294117648,0.8149,0.7949,0.7972198529411765,0.8012,18.6,19.254411764705882,19.6,4,43.1275,43.1825,0.054999999999999716,0.0625,-0.012500000000002842,21.800000000000182,15.94,20.04,12.48,0.8140000000000001,0.9670000000000001,0.5796,5.97,4.06,1.29,5
2021-10-27,0.755,0.7760473282442748,0.8269,0.7528,0.768951145038168,0.8276,0.7419,0.7531694656488549,0.8052,0.7006,0.7143641221374045,0.7871,0.7993,0.8047954198473283,0.8246,0.7939,0.797748854961832,0.8056,18.6,19.348091603053433,19.6,4,43.075,43.2175,0.1424999999999983,-0.052499999999994884,0.035000000000003695,25.399999999999636,16.54,21.8,12.83,0.7929999999999999,0.97,0.5121,14.48,0.0,1.86,5
2021-10-28,0.7468,0.7613481203007518,0.8077,0.7458,0.7590406015037594,0.8117,0.7342,0.7471428571428572,0.7977,0.6945,0.7028902255639097,0.7386,0.7986,0.8007097744360903,0.8058,0.7937,0.7953751879699249,0.7981,19.0,19.31578947368421,19.6,4,43.0875,43.205,0.11749999999999972,0.012499999999995737,-0.012500000000002842,24.400000000000546,15.88,22.2,12.06,0.8079999999999999,0.9570000000000001,0.4946,12.82,0.0,1.73,5
2021-10-29,0.741,0.7632608695652173,0.8191,0.7428,0.7599510869565217,0.8214,0.7299,0.7479804347826087,0.8007,0.692,0.7092152173913043,0.7808,0.7972,0.8024195652173912,0.8167,0.7925,0.7949902173913044,0.7986,18.2,19.026086956521738,19.4,4,43.1075,43.2225,0.11499999999999488,0.020000000000003126,0.017499999999998295,21.399999999999636,16.19,22.04,12.13,0.83,0.963,0.5543,10.33,1.22,1.44,5
2021-10-30,0.7542,0.778463,0.8284,0.7478,0.768351,0.8268,0.7337,0.7549379999999999,0.8026,0.696,0.7179030000000001,0.7841,0.7972,0.803717,0.8202,0.7919,0.795154,0.8007,19.0,19.273999999999997,19.6,4,43.18,43.2625,0.08250000000000313,0.07249999999999801,0.04000000000000625,19.600000000000364,16.71,20.77,14.11,0.9359999999999999,0.9740000000000001,0.742,3.9,2.44,0.87,5
2021-10-31,0.7554,0.7727696721311476,0.8282,0.7532,0.7662950819672131,0.8278,0.7384,0.7517475409836065,0.8017,0.6974,0.7129081967213114,0.7827,0.7988,0.8033983606557377,0.8198,0.7923,0.7951106557377049,0.8,19.4,19.78032786885246,20.2,4,43.0825,43.2725,0.18999999999999773,-0.09749999999999659,0.00999999999999801,20.399999999999636,20.91,28.3,16.28,0.728,0.966,0.4266,12.44,0.2,2.38,5
2021-11-01,0.7504,0.7656297101449275,0.8216,0.7493,0.7633130434782608,0.8229,0.7346,0.7484275362318841,0.8,0.6936,0.7041971014492753,0.7513,0.7979,0.8007644927536232,0.8088,0.7921,0.7939449275362319,0.797,20.2,20.314492753623185,20.4,4,43.1,43.2175,0.11749999999999972,0.017499999999998295,-0.054999999999999716,21.400000000000546,21.52,25.51,17.4,0.5911,0.802,0.3954,7.26,0.0,2.37,5
2021-11-02,0.7453,0.7620575757575757,0.8196,0.7473,0.7594984848484848,0.8177,0.7327,0.7443136363636363,0.7935,0.6885,0.6943090909090909,0.7177,0.7967,0.7996431818181817,0.8063,0.7919,0.7936113636363636,0.7967,19.6,19.933333333333334,20.4,4,43.1225,43.195,0.07249999999999801,0.022500000000000853,-0.022500000000000853,21.0,17.95,22.84,12.98,0.6076,0.852,0.41600000000000004,10.72,0.0,2.0,5
2021-11-03,0.744,0.7623153846153846,0.8127,0.7458,0.7594784615384615,0.8154,0.7311,0.7455669230769231,0.7953,0.6852,0.6928276923076923,0.7217,0.796,0.7987323076923077,0.8042,0.7909,0.7929107692307692,0.7958,18.4,19.03846153846154,20.0,4,43.075,43.1925,0.11749999999999972,-0.04749999999999943,-0.0024999999999977263,26.0,14.7,18.25,9.49,0.5099,0.7390000000000001,0.34450000000000003,13.44,0.0,2.95,5
2021-11-04,0.7458,0.7653144,0.8112,0.7439,0.7593208,0.8135,0.7297,0.7460983999999999,0.7951,0.684,0.7046055999999999,0.7728,0.7944,0.7994904,0.8132,0.79,0.7922792000000001,0.796,16.2,17.302400000000002,18.2,4,43.0725,43.165,0.09250000000000114,-0.0025000000000048317,-0.02750000000000341,22.599999999999454,13.09,18.39,7.46,0.5015,0.737,0.2851,15.04,0.0,2.32,5
2021-11-05,0.7499,0.7673333333333333,0.8094,0.7456,0.7597868217054263,0.808,0.733,0.7468635658914728,0.7904,0.692,0.7041596899224807,0.755,0.7935,0.7972558139534884,0.8058,0.7888,0.7910054263565891,0.7946,15.6,16.424806201550386,17.2,4,43.09,43.155,0.06499999999999773,0.0175000000000054,-0.00999999999999801,17.600000000000364,11.7,17.24,7.1,0.5986,0.9259999999999999,0.33990000000000004,11.78,1.22,1.78,5
2021-11-06,0.7544,0.7681488188976379,0.8084,0.7473,0.7601503937007874,0.809,0.7342,0.746759842519685,0.7902,0.6931,0.7071905511811023,0.7686,0.7921,0.7971535433070867,0.8111,0.7872,0.7898149606299213,0.7944,14.6,15.67716535433071,16.2,4,43.025,43.17,0.14500000000000313,-0.06500000000000483,0.015000000000000568,21.199999999999818,11.72,17.81,5.26,0.5346,0.932,0.1865,10.42,0.0,1.92,5
2021-11-07,0.7514,0.7667,0.801,0.7446,0.7575362903225806,0.7983,0.732,0.7448483870967741,0.7845,0.6922,0.7019677419354838,0.7318,0.7909,0.7941193548387097,0.8002,0.7863,0.7881991935483871,0.7912,14.6,15.106451612903227,15.6,4,43.05,43.1325,0.08250000000000313,0.02499999999999858,-0.03750000000000142,22.800000000000182,11.16,19.97,1.99,0.4279,0.71,0.19519999999999998,12.67,0.0,2.09,5
2021-11-08,0.7537,0.7640062015503876,0.7937,0.7453,0.7520651162790698,0.7763,0.7264,0.7313906976744187,0.7384,0.6732,0.6845023255813953,0.6974,0.7837,0.7873178294573644,0.7921,0.7823,0.7841821705426356,0.7865,14.6,14.910077519379843,15.2,4,43.0625,43.14,0.07750000000000057,0.012500000000002842,0.007500000000000284,4.599999999999454,11.7,21.58,1.64,0.583,0.82,0.3181,12.33,0.0,1.73,5
2021-11-09,0.7529,0.7695176923076923,0.8092,0.7436,0.7585876923076923,0.806,0.7248,0.7430107692307691,0.7885,0.6744,0.6980330769230769,0.7599,0.7832,0.7900115384615384,0.8039,0.7812,0.78394,0.7877,14.4,15.087692307692306,15.4,4,43.0875,43.1475,0.060000000000002274,0.02499999999999858,0.007500000000000284,23.400000000000546,12.18,19.93,5.13,0.6783,0.853,0.4858,11.17,0.0,1.44,5
2021-11-10,0.7476,0.7559553846153846,0.7641,0.7409,0.7460092307692308,0.7535,0.7234,0.7301323076923076,0.7395,0.6779,0.6874530769230769,0.6995,0.7832,0.7861192307692307,0.7902,0.7802,0.7815215384615385,0.7835,15.4,15.503076923076923,15.6,4,43.0625,43.1575,0.09499999999999886,-0.02499999999999858,0.00999999999999801,0.0,14.02,20.52,9.76,0.626,0.853,0.39490000000000003,8.62,0.41,1.63,5
2021-11-11,0.743,0.7655596774193548,0.8117,0.7379,0.7571532258064516,0.81,0.7208,0.7413314516129033,0.7878,0.6763,0.6982524193548386,0.7604,0.7823,0.7891612903225806,0.8012,0.7793,0.7820782258064516,0.7853,15.0,15.441935483870967,15.6,4,43.06,43.1425,0.08249999999999602,-0.0024999999999977263,-0.015000000000000568,27.199999999999818,14.31,22.62,6.78,0.5647,0.83,0.265,10.94,0.0,1.81,5
2021-11-12,0.7448,0.7539839416058394,0.7618,0.7409,0.7456613138686131,0.7525,0.722,0.7287854014598539,0.7379,0.6753,0.6852218978102189,0.6974,0.7816,0.7847335766423358,0.7888,0.7791,0.7801905109489051,0.7819,15.6,16.081751824817516,16.4,4,43.0525,43.16,0.1074999999999946,-0.007500000000000284,0.017499999999998295,0.0,15.97,20.94,12.63,0.6163000000000001,0.7879999999999999,0.4243,8.08,0.0,1.51,5
2021-11-13,0.7395,0.7648056910569105,0.8041,0.7389,0.7581146341463414,0.8031,0.7208,0.7417951219512194,0.7874,0.6751,0.6928544715447154,0.7255,0.7816,0.7868178861788617,0.7928,0.7784,0.781060162601626,0.7835,16.2,16.43739837398374,16.6,4,43.08,43.1625,0.08250000000000313,0.027499999999996305,0.0025000000000048317,26.800000000000182,14.45,21.66,9.54,0.741,0.935,0.39640000000000003,8.64,0.0,1.39,5
2021-11-14,0.7407,0.75184375,0.7623,0.7382,0.74542890625,0.7545,0.7203,0.7291234375,0.7398,0.6735,0.68385703125,0.695,0.7812,0.7843109375,0.7882,0.7789,0.77988125,0.7814,16.4,16.5171875,16.6,4,43.075,43.195,0.11999999999999744,-0.0049999999999954525,0.03249999999999886,0.0,14.16,22.11,8.54,0.6779999999999999,0.972,0.3031,11.91,0.0,1.75,5
